history_id,reservation_id,status,last_updated
1,1,Cancelled,2024-05-30
2,2,No-show,2024-04-09
3,3,Cancelled,2024-03-18
4,4,Completed,2024-06-27
5,5,Completed,2024-07-02
6,6,Cancelled,2024-07-15
7,7,Cancelled,2024-07-05
8,8,No-show,2024-02-29
9,9,No-show,2024-03-21
10,10,No-show,2024-07-21
11,11,No-show,2024-04-11
12,12,Cancelled,2024-03-12
13,13,No-show,2024-06-21
14,14,Completed,2024-06-12
15,15,Completed,2024-09-24
16,16,Cancelled,2024-06-15
17,17,No-show,2024-01-06
18,18,Cancelled,2024-07-25
19,19,No-show,2024-06-20
20,20,Completed,2024-01-07
21,21,Cancelled,2024-03-20
22,22,No-show,2024-07-20
23,23,No-show,2024-06-26
24,24,No-show,2024-02-06
25,25,Cancelled,2024-08-07
26,26,No-show,2024-01-15
27,27,Cancelled,2024-02-16
28,28,Completed,2024-06-15
29,29,No-show,2024-05-16
30,30,No-show,2024-06-23
31,31,Cancelled,2024-08-19
32,32,Completed,2024-02-27
33,33,Cancelled,2024-03-09
34,34,No-show,2024-09-06
35,35,Completed,2024-08-28
36,36,No-show,2024-03-05
37,37,Cancelled,2024-02-28
38,38,No-show,2024-03-22
39,39,Cancelled,2024-01-15
40,40,Cancelled,2024-07-14
41,41,Cancelled,2024-09-02
42,42,Cancelled,2024-04-21
43,43,Cancelled,2024-07-12
44,44,Cancelled,2024-04-09
45,45,No-show,2024-08-30
46,46,Completed,2024-03-31
47,47,No-show,2024-05-08
48,48,Completed,2024-07-08
49,49,Cancelled,2024-06-20
50,50,No-show,2024-02-13
51,51,Completed,2024-06-26
52,52,Completed,2024-08-25
53,53,Completed,2024-04-16
54,54,No-show,2024-03-14
55,55,Cancelled,2024-08-06
56,56,Cancelled,2024-04-11
57,57,Cancelled,2024-06-24
58,58,Completed,2024-06-30
59,59,Completed,2024-09-05
60,60,Cancelled,2024-06-23
61,61,Completed,2024-02-22
62,62,Cancelled,2024-06-19
63,63,Cancelled,2024-09-17
64,64,No-show,2024-01-14
65,65,Completed,2024-07-21
66,66,Completed,2024-08-15
67,67,Cancelled,2024-08-27
68,68,Cancelled,2024-08-20
69,69,Cancelled,2024-06-09
70,70,Cancelled,2024-07-11
71,71,No-show,2024-07-25
72,72,Completed,2024-08-12
73,73,Completed,2024-05-18
74,74,No-show,2024-09-10
75,75,Cancelled,2024-04-08
76,76,No-show,2024-06-20
77,77,Completed,2024-03-16
78,78,Cancelled,2024-01-28
79,79,Completed,2024-02-03
80,80,Cancelled,2024-03-18
81,81,Completed,2024-03-09
82,82,No-show,2024-05-31
83,83,Cancelled,2024-08-27
84,84,No-show,2024-01-13
85,85,No-show,2024-01-12
86,86,Completed,2024-03-30
87,87,Completed,2024-03-17
88,88,No-show,2024-04-14
89,89,No-show,2024-01-13
90,90,Cancelled,2024-08-10
91,91,Cancelled,2024-03-26
92,92,No-show,2024-06-24
93,93,Cancelled,2024-07-10
94,94,No-show,2024-09-10
95,95,No-show,2024-09-24
96,96,Completed,2024-09-05
97,97,Completed,2024-01-20
98,98,No-show,2024-05-28
99,99,Cancelled,2024-03-11
100,100,No-show,2024-02-08
101,101,No-show,2024-09-19
102,102,Completed,2024-07-14
103,103,Cancelled,2024-09-22
104,104,Completed,2024-07-15
105,105,Cancelled,2024-08-22
106,106,No-show,2024-05-07
107,107,Completed,2024-04-22
108,108,Completed,2024-07-29
109,109,Completed,2024-02-29
110,110,No-show,2024-08-08
111,111,No-show,2024-06-17
112,112,Completed,2024-08-10
113,113,No-show,2024-02-25
114,114,Cancelled,2024-06-17
115,115,No-show,2024-04-22
116,116,No-show,2024-06-21
117,117,Cancelled,2024-04-28
118,118,Cancelled,2024-07-26
119,119,Cancelled,2024-04-18
120,120,Cancelled,2024-02-14
121,121,Cancelled,2024-07-13
122,122,Completed,2024-05-12
123,123,No-show,2024-02-17
124,124,Completed,2024-01-22
125,125,No-show,2024-02-25
126,126,Cancelled,2024-01-21
127,127,No-show,2024-02-19
128,128,No-show,2024-05-10
129,129,Cancelled,2024-04-28
130,130,Completed,2024-02-06
131,131,Completed,2024-05-27
132,132,Completed,2024-05-03
133,133,Cancelled,2024-05-18
134,134,Completed,2024-06-08
135,135,No-show,2024-05-02
136,136,Cancelled,2024-09-17
137,137,No-show,2024-09-01
138,138,Cancelled,2024-09-24
139,139,Cancelled,2024-08-29
140,140,No-show,2024-08-09
141,141,No-show,2024-05-18
142,142,Cancelled,2024-04-15
143,143,No-show,2024-02-25
144,144,No-show,2024-02-12
145,145,Completed,2024-02-25
146,146,No-show,2024-01-30
147,147,Completed,2024-05-04
148,148,No-show,2024-04-24
149,149,Cancelled,2024-01-01
150,150,Cancelled,2024-05-30
151,151,Cancelled,2024-08-04
152,152,Completed,2024-05-15
153,153,Completed,2024-04-20
154,154,Completed,2024-04-02
155,155,No-show,2024-05-04
156,156,Completed,2024-05-06
157,157,No-show,2024-05-11
158,158,No-show,2024-09-09
159,159,Completed,2024-05-02
160,160,Completed,2024-03-12
161,161,Cancelled,2024-07-07
162,162,Completed,2024-02-10
163,163,No-show,2024-03-02
164,164,No-show,2024-06-27
165,165,Cancelled,2024-06-26
166,166,Completed,2024-08-15
167,167,Cancelled,2024-03-19
168,168,No-show,2024-02-18
169,169,Completed,2024-08-09
170,170,Completed,2024-02-25
171,171,Cancelled,2024-03-29
172,172,Cancelled,2024-06-17
173,173,Cancelled,2024-03-29
174,174,No-show,2024-02-04
175,175,No-show,2024-07-11
176,176,Cancelled,2024-04-26
177,177,Completed,2024-01-17
178,178,No-show,2024-04-30
179,179,No-show,2024-01-12
180,180,Cancelled,2024-09-10
181,181,Cancelled,2024-02-12
182,182,No-show,2024-04-27
183,183,No-show,2024-03-29
184,184,Completed,2024-01-17
185,185,No-show,2024-03-01
186,186,Completed,2024-08-02
187,187,No-show,2024-07-28
188,188,Cancelled,2024-05-30
189,189,Cancelled,2024-05-13
190,190,Completed,2024-06-16
191,191,Completed,2024-02-07
192,192,No-show,2024-04-29
193,193,Completed,2024-05-29
194,194,Completed,2024-07-15
195,195,Completed,2024-04-16
196,196,No-show,2024-04-22
197,197,No-show,2024-04-03
198,198,Cancelled,2024-03-09
199,199,Completed,2024-01-22
200,200,Completed,2024-02-20
201,201,Cancelled,2024-02-23
202,202,Completed,2024-04-20
203,203,Cancelled,2024-03-17
204,204,No-show,2024-09-21
205,205,No-show,2024-04-09
206,206,Completed,2024-09-03
207,207,Completed,2024-08-08
208,208,Cancelled,2024-01-26
209,209,Completed,2024-06-10
210,210,Cancelled,2024-09-02
211,211,Completed,2024-04-29
212,212,No-show,2024-08-23
213,213,No-show,2024-02-15
214,214,No-show,2024-09-13
215,215,No-show,2024-08-26
216,216,No-show,2024-03-06
217,217,Cancelled,2024-08-16
218,218,Cancelled,2024-06-28
219,219,No-show,2024-01-18
220,220,Completed,2024-06-16
221,221,Cancelled,2024-02-24
222,222,No-show,2024-03-09
223,223,Completed,2024-07-31
224,224,No-show,2024-07-13
225,225,Completed,2024-02-06
226,226,Cancelled,2024-06-01
227,227,Cancelled,2024-07-09
228,228,Completed,2024-01-15
229,229,No-show,2024-05-04
230,230,No-show,2024-02-11
231,231,Cancelled,2024-09-13
232,232,Completed,2024-02-24
233,233,Cancelled,2024-07-24
234,234,No-show,2024-07-31
235,235,Cancelled,2024-03-27
236,236,Cancelled,2024-05-02
237,237,Completed,2024-09-09
238,238,No-show,2024-06-11
239,239,No-show,2024-06-29
240,240,No-show,2024-03-29
241,241,Completed,2024-04-29
242,242,Completed,2024-02-29
243,243,No-show,2024-07-17
244,244,Cancelled,2024-03-16
245,245,Cancelled,2024-02-15
246,246,Cancelled,2024-04-01
247,247,Completed,2024-04-26
248,248,Completed,2024-03-24
249,249,No-show,2024-03-12
250,250,Completed,2024-07-25
251,251,No-show,2024-03-13
252,252,Completed,2024-06-03
253,253,Completed,2024-03-04
254,254,Completed,2024-01-13
255,255,Cancelled,2024-09-14
256,256,No-show,2024-05-13
257,257,Cancelled,2024-09-11
258,258,Cancelled,2024-04-27
259,259,No-show,2024-07-25
260,260,Cancelled,2024-08-03
261,261,No-show,2024-08-08
262,262,Completed,2024-01-10
263,263,No-show,2024-09-18
264,264,No-show,2024-08-14
265,265,Completed,2024-08-28
266,266,No-show,2024-01-01
267,267,Cancelled,2024-05-31
268,268,No-show,2024-04-03
269,269,Cancelled,2024-09-20
270,270,Completed,2024-08-28
271,271,Cancelled,2024-06-02
272,272,No-show,2024-01-15
273,273,Cancelled,2024-07-07
274,274,No-show,2024-04-06
275,275,No-show,2024-03-06
276,276,No-show,2024-05-15
277,277,Cancelled,2024-04-13
278,278,Cancelled,2024-08-15
279,279,No-show,2024-06-28
280,280,Cancelled,2024-06-27
281,281,Cancelled,2024-09-03
282,282,Completed,2024-07-06
283,283,Completed,2024-06-09
284,284,No-show,2024-06-25
285,285,Completed,2024-09-21
286,286,Cancelled,2024-05-18
287,287,Cancelled,2024-02-03
288,288,Completed,2024-01-10
289,289,Cancelled,2024-07-27
290,290,No-show,2024-09-18
291,291,Completed,2024-07-06
292,292,Cancelled,2024-03-12
293,293,No-show,2024-07-31
294,294,Cancelled,2024-05-03
295,295,Completed,2024-02-22
296,296,No-show,2024-02-28
297,297,Completed,2024-08-11
298,298,Cancelled,2024-05-05
299,299,Completed,2024-03-06
300,300,Cancelled,2024-03-07
301,301,Cancelled,2024-02-20
302,302,Cancelled,2024-09-12
303,303,No-show,2024-02-23
304,304,Cancelled,2024-07-16
305,305,Completed,2024-05-02
306,306,No-show,2024-01-28
307,307,Cancelled,2024-09-19
308,308,No-show,2024-08-22
309,309,No-show,2024-08-06
310,310,No-show,2024-02-01
311,311,No-show,2024-01-23
312,312,No-show,2024-07-30
313,313,Completed,2024-06-30
314,314,Completed,2024-02-22
315,315,Completed,2024-04-24
316,316,Completed,2024-02-23
317,317,Completed,2024-04-09
318,318,Completed,2024-05-25
319,319,Completed,2024-06-05
320,320,Completed,2024-05-02
321,321,Cancelled,2024-08-23
322,322,Completed,2024-01-08
323,323,Cancelled,2024-09-11
324,324,Cancelled,2024-03-16
325,325,Completed,2024-09-12
326,326,Completed,2024-02-28
327,327,Completed,2024-09-13
328,328,No-show,2024-08-20
329,329,Cancelled,2024-08-20
330,330,No-show,2024-01-02
331,331,Cancelled,2024-01-30
332,332,Completed,2024-05-27
333,333,Completed,2024-05-22
334,334,Completed,2024-01-27
335,335,Cancelled,2024-05-18
336,336,No-show,2024-05-02
337,337,Cancelled,2024-01-26
338,338,Completed,2024-07-17
339,339,Completed,2024-01-03
340,340,Completed,2024-04-22
341,341,Cancelled,2024-05-12
342,342,Completed,2024-08-24
343,343,Cancelled,2024-06-13
344,344,Completed,2024-05-29
345,345,Cancelled,2024-08-23
346,346,Cancelled,2024-03-22
347,347,No-show,2024-08-11
348,348,Cancelled,2024-04-21
349,349,No-show,2024-05-04
350,350,No-show,2024-04-21
351,351,Completed,2024-02-29
352,352,Completed,2024-01-23
353,353,Cancelled,2024-01-19
354,354,Cancelled,2024-09-24
355,355,Completed,2024-08-17
356,356,No-show,2024-06-29
357,357,Cancelled,2024-09-19
358,358,No-show,2024-04-17
359,359,No-show,2024-02-20
360,360,Completed,2024-06-16
361,361,Cancelled,2024-07-30
362,362,Cancelled,2024-03-04
363,363,No-show,2024-04-21
364,364,No-show,2024-04-16
365,365,No-show,2024-03-21
366,366,No-show,2024-07-08
367,367,Cancelled,2024-07-15
368,368,Completed,2024-07-19
369,369,Completed,2024-01-03
370,370,Cancelled,2024-06-27
371,371,Cancelled,2024-02-16
372,372,No-show,2024-06-21
373,373,Cancelled,2024-01-26
374,374,Completed,2024-09-12
375,375,Cancelled,2024-06-23
376,376,Cancelled,2024-07-20
377,377,Cancelled,2024-06-25
378,378,Completed,2024-03-20
379,379,No-show,2024-06-17
380,380,Cancelled,2024-08-20
381,381,Cancelled,2024-02-01
382,382,No-show,2024-01-01
383,383,Completed,2024-07-17
384,384,Completed,2024-08-12
385,385,No-show,2024-06-20
386,386,No-show,2024-06-26
387,387,Completed,2024-09-19
388,388,No-show,2024-05-26
389,389,Completed,2024-06-14
390,390,No-show,2024-01-01
391,391,Cancelled,2024-06-07
392,392,Cancelled,2024-08-10
393,393,No-show,2024-03-14
394,394,Cancelled,2024-04-28
395,395,Completed,2024-07-15
396,396,Cancelled,2024-08-20
397,397,Completed,2024-06-26
398,398,No-show,2024-09-22
399,399,Completed,2024-01-16
400,400,Completed,2024-03-23
401,401,Cancelled,2024-09-24
402,402,Cancelled,2024-02-10
403,403,Cancelled,2024-04-07
404,404,Cancelled,2024-08-24
405,405,Completed,2024-05-23
406,406,No-show,2024-02-13
407,407,Completed,2024-09-19
408,408,Completed,2024-05-12
409,409,Completed,2024-08-03
410,410,No-show,2024-02-04
411,411,No-show,2024-06-03
412,412,No-show,2024-03-16
413,413,Cancelled,2024-01-30
414,414,Cancelled,2024-02-11
415,415,No-show,2024-07-06
416,416,Cancelled,2024-09-18
417,417,No-show,2024-05-25
418,418,Cancelled,2024-06-06
419,419,Completed,2024-06-30
420,420,Completed,2024-04-04
421,421,No-show,2024-08-29
422,422,No-show,2024-07-01
423,423,Completed,2024-02-10
424,424,Cancelled,2024-02-26
425,425,Cancelled,2024-02-22
426,426,No-show,2024-07-05
427,427,No-show,2024-01-31
428,428,Cancelled,2024-06-20
429,429,No-show,2024-07-09
430,430,No-show,2024-08-19
431,431,No-show,2024-05-14
432,432,Cancelled,2024-06-05
433,433,Cancelled,2024-01-03
434,434,Completed,2024-04-09
435,435,No-show,2024-07-21
436,436,Completed,2024-01-16
437,437,Completed,2024-02-01
438,438,Cancelled,2024-07-21
439,439,No-show,2024-01-26
440,440,Completed,2024-02-17
441,441,Completed,2024-01-06
442,442,No-show,2024-08-03
443,443,Completed,2024-08-29
444,444,Cancelled,2024-07-19
445,445,Cancelled,2024-05-27
446,446,Cancelled,2024-04-01
447,447,Completed,2024-05-22
448,448,No-show,2024-07-03
449,449,Cancelled,2024-07-04
450,450,Completed,2024-06-05
451,451,Completed,2024-08-24
452,452,Completed,2024-05-21
453,453,Cancelled,2024-04-10
454,454,Completed,2024-02-25
455,455,No-show,2024-04-07
456,456,Cancelled,2024-05-08
457,457,Cancelled,2024-01-09
458,458,Completed,2024-07-20
459,459,Completed,2024-06-12
460,460,Completed,2024-05-27
461,461,Completed,2024-02-03
462,462,Cancelled,2024-09-19
463,463,No-show,2024-08-05
464,464,No-show,2024-09-06
465,465,Completed,2024-01-14
466,466,No-show,2024-07-04
467,467,No-show,2024-07-06
468,468,Completed,2024-01-14
469,469,Completed,2024-08-31
470,470,Cancelled,2024-07-25
471,471,Completed,2024-02-15
472,472,No-show,2024-06-05
473,473,Completed,2024-04-19
474,474,Cancelled,2024-01-20
475,475,Completed,2024-04-25
476,476,No-show,2024-02-23
477,477,Cancelled,2024-04-15
478,478,Cancelled,2024-01-15
479,479,Cancelled,2024-06-21
480,480,No-show,2024-03-12
481,481,Completed,2024-02-01
482,482,No-show,2024-03-17
483,483,Cancelled,2024-04-16
484,484,Completed,2024-02-03
485,485,Cancelled,2024-01-08
486,486,Cancelled,2024-05-02
487,487,Completed,2024-05-02
488,488,Completed,2024-02-24
489,489,Completed,2024-02-22
490,490,Cancelled,2024-09-13
491,491,Cancelled,2024-05-04
492,492,No-show,2024-04-29
493,493,Cancelled,2024-08-24
494,494,Cancelled,2024-08-08
495,495,No-show,2024-09-20
496,496,Cancelled,2024-08-24
497,497,Completed,2024-04-29
498,498,Completed,2024-04-13
499,499,No-show,2024-08-05
500,500,Completed,2024-01-27
501,501,No-show,2024-08-08
502,502,Completed,2024-08-22
503,503,Completed,2024-09-08
504,504,Cancelled,2024-05-19
505,505,Completed,2024-05-07
506,506,Cancelled,2024-02-08
507,507,Cancelled,2024-08-06
508,508,Cancelled,2024-01-19
509,509,No-show,2024-02-19
510,510,Completed,2024-04-30
511,511,Cancelled,2024-03-25
512,512,No-show,2024-07-25
513,513,No-show,2024-04-17
514,514,Cancelled,2024-06-30
515,515,Completed,2024-08-05
516,516,Cancelled,2024-05-22
517,517,No-show,2024-08-16
518,518,No-show,2024-08-17
519,519,Cancelled,2024-07-03
520,520,Cancelled,2024-02-17
521,521,Cancelled,2024-01-23
522,522,No-show,2024-07-16
523,523,No-show,2024-09-21
524,524,Cancelled,2024-08-28
525,525,Cancelled,2024-08-26
526,526,Completed,2024-07-30
527,527,Completed,2024-03-27
528,528,Cancelled,2024-01-04
529,529,Cancelled,2024-04-16
530,530,Cancelled,2024-07-07
531,531,Cancelled,2024-03-21
532,532,Cancelled,2024-02-28
533,533,No-show,2024-06-21
534,534,Cancelled,2024-02-07
535,535,No-show,2024-06-08
536,536,No-show,2024-01-01
537,537,No-show,2024-07-31
538,538,Completed,2024-07-29
539,539,Completed,2024-01-30
540,540,Completed,2024-08-02
541,541,Cancelled,2024-05-12
542,542,Cancelled,2024-07-14
543,543,Completed,2024-02-09
544,544,No-show,2024-07-24
545,545,Completed,2024-01-24
546,546,Completed,2024-05-15
547,547,No-show,2024-06-17
548,548,Cancelled,2024-04-23
549,549,No-show,2024-08-16
550,550,Completed,2024-02-27
551,551,No-show,2024-03-27
552,552,Completed,2024-03-11
553,553,Completed,2024-01-13
554,554,Cancelled,2024-05-04
555,555,No-show,2024-02-23
556,556,No-show,2024-09-03
557,557,Completed,2024-04-29
558,558,No-show,2024-03-31
559,559,No-show,2024-05-06
560,560,No-show,2024-05-24
561,561,Completed,2024-06-15
562,562,Completed,2024-09-08
563,563,No-show,2024-08-30
564,564,No-show,2024-07-22
565,565,Completed,2024-07-15
566,566,Cancelled,2024-07-01
567,567,No-show,2024-07-23
568,568,Completed,2024-01-01
569,569,Completed,2024-08-02
570,570,Completed,2024-01-29
571,571,Completed,2024-05-23
572,572,Cancelled,2024-09-01
573,573,No-show,2024-08-17
574,574,Completed,2024-09-25
575,575,No-show,2024-05-05
576,576,Completed,2024-02-08
577,577,No-show,2024-06-21
578,578,Completed,2024-02-02
579,579,No-show,2024-08-27
580,580,Completed,2024-02-09
581,581,Completed,2024-03-02
582,582,Completed,2024-09-17
583,583,No-show,2024-03-16
584,584,Completed,2024-09-05
585,585,Cancelled,2024-01-24
586,586,Cancelled,2024-09-16
587,587,Cancelled,2024-08-28
588,588,No-show,2024-02-07
589,589,Completed,2024-02-26
590,590,Cancelled,2024-05-11
591,591,No-show,2024-06-17
592,592,No-show,2024-09-19
593,593,No-show,2024-01-18
594,594,Cancelled,2024-06-27
595,595,Completed,2024-05-31
596,596,Cancelled,2024-07-31
597,597,No-show,2024-05-11
598,598,Completed,2024-02-01
599,599,Completed,2024-05-02
600,600,Completed,2024-05-11
601,601,No-show,2024-06-11
602,602,Completed,2024-08-03
603,603,No-show,2024-08-01
604,604,Completed,2024-03-04
605,605,Completed,2024-08-16
606,606,Cancelled,2024-06-01
607,607,No-show,2024-01-28
608,608,No-show,2024-08-22
609,609,Completed,2024-03-26
610,610,Cancelled,2024-08-29
611,611,No-show,2024-08-30
612,612,No-show,2024-01-25
613,613,Completed,2024-06-18
614,614,Completed,2024-08-23
615,615,No-show,2024-09-20
616,616,Cancelled,2024-01-02
617,617,Cancelled,2024-05-19
618,618,Cancelled,2024-02-23
619,619,Completed,2024-06-11
620,620,No-show,2024-01-31
621,621,No-show,2024-07-02
622,622,No-show,2024-02-28
623,623,No-show,2024-03-26
624,624,Cancelled,2024-01-16
625,625,Cancelled,2024-05-13
626,626,Completed,2024-06-22
627,627,Cancelled,2024-04-04
628,628,Cancelled,2024-02-14
629,629,No-show,2024-02-02
630,630,Cancelled,2024-02-17
631,631,Cancelled,2024-02-29
632,632,Completed,2024-05-09
633,633,Cancelled,2024-02-05
634,634,Cancelled,2024-01-18
635,635,Completed,2024-06-22
636,636,Completed,2024-07-28
637,637,No-show,2024-02-26
638,638,Cancelled,2024-01-25
639,639,No-show,2024-03-14
640,640,Cancelled,2024-09-02
641,641,No-show,2024-09-15
642,642,Cancelled,2024-01-16
643,643,Completed,2024-03-12
644,644,No-show,2024-05-24
645,645,No-show,2024-03-05
646,646,No-show,2024-03-20
647,647,Cancelled,2024-09-12
648,648,Cancelled,2024-03-09
649,649,No-show,2024-09-01
650,650,Completed,2024-08-12
651,651,Completed,2024-01-26
652,652,Completed,2024-09-17
653,653,Cancelled,2024-07-06
654,654,Completed,2024-08-20
655,655,Completed,2024-01-09
656,656,No-show,2024-06-25
657,657,No-show,2024-06-30
658,658,Completed,2024-01-21
659,659,Completed,2024-06-06
660,660,Completed,2024-02-23
661,661,Cancelled,2024-07-01
662,662,Completed,2024-03-25
663,663,No-show,2024-08-27
664,664,Completed,2024-03-11
665,665,Cancelled,2024-08-12
666,666,Completed,2024-06-19
667,667,Cancelled,2024-07-30
668,668,No-show,2024-06-08
669,669,Cancelled,2024-05-02
670,670,Completed,2024-02-05
671,671,No-show,2024-04-05
672,672,Completed,2024-06-14
673,673,No-show,2024-05-24
674,674,Cancelled,2024-03-24
675,675,No-show,2024-07-02
676,676,Cancelled,2024-06-02
677,677,Completed,2024-04-30
678,678,Cancelled,2024-03-28
679,679,No-show,2024-07-23
680,680,No-show,2024-09-09
681,681,Completed,2024-02-13
682,682,No-show,2024-03-14
683,683,No-show,2024-08-01
684,684,Completed,2024-03-13
685,685,Completed,2024-08-21
686,686,Cancelled,2024-01-18
687,687,No-show,2024-01-14
688,688,Cancelled,2024-02-11
689,689,No-show,2024-09-25
690,690,No-show,2024-06-15
691,691,No-show,2024-05-05
692,692,Cancelled,2024-03-17
693,693,Cancelled,2024-02-11
694,694,Cancelled,2024-05-13
695,695,Completed,2024-07-12
696,696,Completed,2024-09-08
697,697,No-show,2024-08-14
698,698,No-show,2024-03-16
699,699,Cancelled,2024-08-20
700,700,Completed,2024-05-17
701,701,No-show,2024-05-31
702,702,No-show,2024-04-07
703,703,Completed,2024-07-01
704,704,Completed,2024-03-21
705,705,Completed,2024-08-08
706,706,Cancelled,2024-05-04
707,707,No-show,2024-06-16
708,708,Cancelled,2024-08-23
709,709,Completed,2024-05-18
710,710,Cancelled,2024-04-15
711,711,Cancelled,2024-02-19
712,712,Completed,2024-07-16
713,713,Cancelled,2024-08-19
714,714,Cancelled,2024-07-28
715,715,Cancelled,2024-07-05
716,716,Completed,2024-06-22
717,717,Completed,2024-01-08
718,718,Cancelled,2024-04-01
719,719,Cancelled,2024-04-21
720,720,Cancelled,2024-02-29
721,721,Completed,2024-06-28
722,722,Completed,2024-06-17
723,723,No-show,2024-08-30
724,724,No-show,2024-08-29
725,725,Cancelled,2024-06-20
726,726,Completed,2024-06-26
727,727,Cancelled,2024-02-17
728,728,Cancelled,2024-06-22
729,729,No-show,2024-02-16
730,730,Completed,2024-05-04
731,731,Cancelled,2024-03-27
732,732,Completed,2024-08-03
733,733,Completed,2024-01-23
734,734,Completed,2024-02-11
735,735,Completed,2024-06-28
736,736,Completed,2024-04-13
737,737,Completed,2024-01-29
738,738,No-show,2024-01-17
739,739,Completed,2024-06-03
740,740,Cancelled,2024-08-11
741,741,Cancelled,2024-08-25
742,742,No-show,2024-09-15
743,743,Cancelled,2024-04-13
744,744,Completed,2024-05-10
745,745,Completed,2024-02-27
746,746,No-show,2024-03-23
747,747,No-show,2024-08-13
748,748,Cancelled,2024-04-09
749,749,Cancelled,2024-03-13
750,750,No-show,2024-01-25
751,751,Completed,2024-01-06
752,752,No-show,2024-08-19
753,753,Cancelled,2024-05-20
754,754,Cancelled,2024-03-22
755,755,Cancelled,2024-09-06
756,756,No-show,2024-04-30
757,757,Completed,2024-09-17
758,758,Completed,2024-08-01
759,759,No-show,2024-07-25
760,760,No-show,2024-05-19
761,761,Completed,2024-02-06
762,762,Completed,2024-03-25
763,763,Cancelled,2024-07-11
764,764,Completed,2024-05-09
765,765,No-show,2024-05-04
766,766,No-show,2024-03-26
767,767,Cancelled,2024-04-12
768,768,Cancelled,2024-04-26
769,769,Cancelled,2024-07-31
770,770,Cancelled,2024-02-13
771,771,No-show,2024-08-16
772,772,Completed,2024-04-17
773,773,Cancelled,2024-01-03
774,774,Completed,2024-01-28
775,775,No-show,2024-08-07
776,776,No-show,2024-04-02
777,777,Completed,2024-04-27
778,778,Completed,2024-06-24
779,779,No-show,2024-07-26
780,780,Cancelled,2024-01-18
781,781,No-show,2024-04-13
782,782,Completed,2024-07-14
783,783,Cancelled,2024-09-07
784,784,Cancelled,2024-01-27
785,785,Completed,2024-07-28
786,786,Completed,2024-05-20
787,787,Completed,2024-03-02
788,788,Cancelled,2024-03-18
789,789,Completed,2024-03-22
790,790,Cancelled,2024-01-20
791,791,Completed,2024-07-28
792,792,Cancelled,2024-02-01
793,793,Cancelled,2024-08-05
794,794,No-show,2024-05-13
795,795,No-show,2024-06-22
796,796,Completed,2024-05-07
797,797,No-show,2024-09-05
798,798,Completed,2024-09-07
799,799,No-show,2024-01-17
800,800,Cancelled,2024-07-22
801,801,Cancelled,2024-06-07
802,802,Completed,2024-08-09
803,803,Completed,2024-05-06
804,804,Completed,2024-05-14
805,805,Completed,2024-05-05
806,806,Completed,2024-07-02
807,807,Completed,2024-03-19
808,808,Completed,2024-09-17
809,809,Cancelled,2024-07-24
810,810,No-show,2024-02-08
811,811,No-show,2024-08-17
812,812,Cancelled,2024-02-12
813,813,Cancelled,2024-07-15
814,814,No-show,2024-03-16
815,815,Completed,2024-08-14
816,816,Completed,2024-07-11
817,817,No-show,2024-07-08
818,818,No-show,2024-08-11
819,819,Completed,2024-07-17
820,820,Cancelled,2024-04-17
821,821,No-show,2024-06-06
822,822,No-show,2024-06-01
823,823,Completed,2024-04-14
824,824,No-show,2024-05-07
825,825,No-show,2024-06-17
826,826,No-show,2024-02-08
827,827,Cancelled,2024-05-18
828,828,Completed,2024-04-05
829,829,Completed,2024-01-30
830,830,No-show,2024-03-28
831,831,Completed,2024-07-19
832,832,Completed,2024-06-07
833,833,No-show,2024-04-13
834,834,Cancelled,2024-08-20
835,835,Cancelled,2024-09-24
836,836,No-show,2024-01-08
837,837,Cancelled,2024-07-23
838,838,Completed,2024-05-08
839,839,No-show,2024-04-15
840,840,Cancelled,2024-08-11
841,841,Cancelled,2024-05-13
842,842,Cancelled,2024-08-26
843,843,Cancelled,2024-02-25
844,844,Completed,2024-09-13
845,845,Cancelled,2024-03-15
846,846,Cancelled,2024-02-21
847,847,No-show,2024-01-02
848,848,No-show,2024-01-24
849,849,Cancelled,2024-05-13
850,850,No-show,2024-05-21
851,851,Cancelled,2024-05-23
852,852,Cancelled,2024-03-25
853,853,Completed,2024-09-04
854,854,No-show,2024-09-16
855,855,Cancelled,2024-02-21
856,856,Cancelled,2024-02-24
857,857,No-show,2024-06-08
858,858,Completed,2024-05-21
859,859,Completed,2024-08-14
860,860,Completed,2024-07-04
861,861,Cancelled,2024-05-13
862,862,Completed,2024-05-09
863,863,Cancelled,2024-06-12
864,864,Cancelled,2024-01-12
865,865,Completed,2024-03-09
866,866,Cancelled,2024-02-08
867,867,Cancelled,2024-03-27
868,868,No-show,2024-08-31
869,869,No-show,2024-07-05
870,870,Completed,2024-01-12
871,871,No-show,2024-08-24
872,872,No-show,2024-03-02
873,873,Completed,2024-06-08
874,874,Completed,2024-04-30
875,875,Cancelled,2024-06-14
876,876,Completed,2024-05-14
877,877,Completed,2024-04-28
878,878,Cancelled,2024-08-22
879,879,Completed,2024-07-11
880,880,No-show,2024-09-24
881,881,No-show,2024-09-20
882,882,No-show,2024-02-19
883,883,Cancelled,2024-03-06
884,884,No-show,2024-06-25
885,885,Completed,2024-06-26
886,886,Completed,2024-08-05
887,887,Completed,2024-07-23
888,888,Cancelled,2024-02-01
889,889,No-show,2024-01-16
890,890,Cancelled,2024-01-08
891,891,Completed,2024-05-02
892,892,Cancelled,2024-01-05
893,893,Cancelled,2024-08-13
894,894,Completed,2024-04-17
895,895,No-show,2024-07-17
896,896,Cancelled,2024-06-23
897,897,Completed,2024-04-30
898,898,Cancelled,2024-03-06
899,899,Cancelled,2024-02-29
900,900,No-show,2024-04-15
901,901,No-show,2024-03-10
902,902,Completed,2024-07-19
903,903,Completed,2024-02-08
904,904,No-show,2024-04-24
905,905,Completed,2024-07-08
906,906,Completed,2024-01-30
907,907,No-show,2024-03-15
908,908,No-show,2024-05-10
909,909,Cancelled,2024-04-19
910,910,No-show,2024-05-04
911,911,Cancelled,2024-01-02
912,912,No-show,2024-08-08
913,913,No-show,2024-06-07
914,914,Completed,2024-05-29
915,915,Completed,2024-02-22
916,916,No-show,2024-04-27
917,917,Completed,2024-04-16
918,918,No-show,2024-08-06
919,919,No-show,2024-09-13
920,920,No-show,2024-08-31
921,921,Completed,2024-07-30
922,922,No-show,2024-03-27
923,923,No-show,2024-03-09
924,924,Cancelled,2024-05-27
925,925,Cancelled,2024-01-22
926,926,Completed,2024-05-17
927,927,Completed,2024-06-23
928,928,Cancelled,2024-05-25
929,929,Completed,2024-09-16
930,930,No-show,2024-03-11
931,931,Completed,2024-05-29
932,932,No-show,2024-06-01
933,933,Cancelled,2024-05-17
934,934,Completed,2024-05-21
935,935,Completed,2024-01-26
936,936,No-show,2024-02-25
937,937,No-show,2024-05-05
938,938,No-show,2024-03-06
939,939,Cancelled,2024-05-18
940,940,Cancelled,2024-06-15
941,941,Cancelled,2024-09-15
942,942,No-show,2024-01-19
943,943,Cancelled,2024-01-12
944,944,Completed,2024-01-20
945,945,No-show,2024-01-07
946,946,Cancelled,2024-01-28
947,947,No-show,2024-05-02
948,948,Cancelled,2024-07-12
949,949,Completed,2024-02-18
950,950,No-show,2024-08-20
951,951,Completed,2024-02-11
952,952,Cancelled,2024-07-04
953,953,Completed,2024-03-17
954,954,Cancelled,2024-06-03
955,955,Cancelled,2024-04-25
956,956,Completed,2024-01-01
957,957,Cancelled,2024-08-31
958,958,No-show,2024-02-23
959,959,Cancelled,2024-01-10
960,960,Completed,2024-09-08
961,961,Completed,2024-07-17
962,962,No-show,2024-03-19
963,963,Completed,2024-08-09
964,964,No-show,2024-09-19
965,965,No-show,2024-03-14
966,966,No-show,2024-05-18
967,967,Completed,2024-09-12
968,968,Completed,2024-06-04
969,969,Completed,2024-01-17
970,970,No-show,2024-01-04
971,971,No-show,2024-04-20
972,972,Completed,2024-05-06
973,973,No-show,2024-08-22
974,974,Cancelled,2024-01-10
975,975,No-show,2024-07-21
976,976,Completed,2024-03-09
977,977,No-show,2024-06-07
978,978,Cancelled,2024-08-10
979,979,Cancelled,2024-01-27
980,980,No-show,2024-04-16
981,981,Cancelled,2024-08-19
982,982,No-show,2024-02-29
983,983,Completed,2024-01-05
984,984,No-show,2024-03-22
985,985,Completed,2024-05-18
986,986,No-show,2024-07-03
987,987,Completed,2024-05-14
988,988,No-show,2024-03-22
989,989,Cancelled,2024-02-21
990,990,Completed,2024-05-15
991,991,Cancelled,2024-07-11
992,992,Cancelled,2024-09-18
993,993,No-show,2024-09-22
994,994,Cancelled,2024-07-16
995,995,Completed,2024-08-05
996,996,No-show,2024-05-18
997,997,Cancelled,2024-08-24
998,998,No-show,2024-01-08
999,999,Completed,2024-09-21
1000,1000,No-show,2024-04-07
1001,1001,Cancelled,2024-06-29
1002,1002,Cancelled,2024-04-18
1003,1003,No-show,2024-08-22
1004,1004,Completed,2024-08-04
1005,1005,No-show,2024-08-01
1006,1006,Completed,2024-01-03
1007,1007,Cancelled,2024-06-26
1008,1008,Completed,2024-07-17
1009,1009,No-show,2024-01-26
1010,1010,Cancelled,2024-05-13
1011,1011,Cancelled,2024-07-24
1012,1012,No-show,2024-06-16
1013,1013,Cancelled,2024-01-09
1014,1014,Cancelled,2024-08-28
1015,1015,No-show,2024-06-04
1016,1016,Completed,2024-09-13
1017,1017,No-show,2024-06-17
1018,1018,Completed,2024-08-24
1019,1019,No-show,2024-04-30
1020,1020,Completed,2024-07-08
1021,1021,Cancelled,2024-01-02
1022,1022,Cancelled,2024-06-07
1023,1023,Completed,2024-04-07
1024,1024,No-show,2024-06-03
1025,1025,Cancelled,2024-03-01
1026,1026,No-show,2024-07-20
1027,1027,Completed,2024-09-07
1028,1028,Completed,2024-03-05
1029,1029,Completed,2024-01-10
1030,1030,No-show,2024-06-20
1031,1031,No-show,2024-07-11
1032,1032,Completed,2024-08-07
1033,1033,Completed,2024-08-28
1034,1034,No-show,2024-04-13
1035,1035,No-show,2024-08-24
1036,1036,Cancelled,2024-08-27
1037,1037,Cancelled,2024-07-25
1038,1038,Completed,2024-07-21
1039,1039,Cancelled,2024-02-02
1040,1040,No-show,2024-09-12
1041,1041,No-show,2024-02-28
1042,1042,No-show,2024-06-02
1043,1043,Completed,2024-09-02
1044,1044,No-show,2024-01-25
1045,1045,Completed,2024-05-31
1046,1046,No-show,2024-06-20
1047,1047,Cancelled,2024-04-26
1048,1048,Cancelled,2024-05-03
1049,1049,Completed,2024-09-18
1050,1050,Cancelled,2024-01-14
1051,1051,No-show,2024-03-06
1052,1052,Completed,2024-01-14
1053,1053,Completed,2024-07-02
1054,1054,Completed,2024-09-10
1055,1055,Cancelled,2024-01-30
1056,1056,Cancelled,2024-01-11
1057,1057,Cancelled,2024-01-16
1058,1058,No-show,2024-08-20
1059,1059,Cancelled,2024-09-15
1060,1060,Cancelled,2024-08-27
1061,1061,No-show,2024-04-08
1062,1062,No-show,2024-02-10
1063,1063,No-show,2024-08-01
1064,1064,Completed,2024-02-22
1065,1065,Completed,2024-09-01
1066,1066,No-show,2024-04-22
1067,1067,Cancelled,2024-02-15
1068,1068,Cancelled,2024-04-29
1069,1069,Cancelled,2024-02-28
1070,1070,No-show,2024-01-01
1071,1071,Cancelled,2024-02-20
1072,1072,Cancelled,2024-01-05
1073,1073,Cancelled,2024-08-20
1074,1074,No-show,2024-08-02
1075,1075,Completed,2024-07-31
1076,1076,No-show,2024-07-24
1077,1077,Cancelled,2024-01-06
1078,1078,No-show,2024-07-27
1079,1079,No-show,2024-02-10
1080,1080,Completed,2024-02-11
1081,1081,Completed,2024-09-16
1082,1082,Completed,2024-06-07
1083,1083,No-show,2024-04-21
1084,1084,Completed,2024-07-22
1085,1085,No-show,2024-07-19
1086,1086,Completed,2024-03-27
1087,1087,No-show,2024-03-23
1088,1088,Cancelled,2024-01-01
1089,1089,No-show,2024-04-09
1090,1090,Completed,2024-09-04
1091,1091,No-show,2024-06-01
1092,1092,Cancelled,2024-03-25
1093,1093,No-show,2024-01-10
1094,1094,No-show,2024-04-13
1095,1095,Completed,2024-09-08
1096,1096,No-show,2024-05-25
1097,1097,No-show,2024-01-05
1098,1098,Completed,2024-04-07
1099,1099,Completed,2024-07-22
1100,1100,Cancelled,2024-08-21
1101,1101,Completed,2024-03-31
1102,1102,Cancelled,2024-07-13
1103,1103,Cancelled,2024-05-29
1104,1104,No-show,2024-04-03
1105,1105,Cancelled,2024-06-04
1106,1106,No-show,2024-02-29
1107,1107,Completed,2024-02-22
1108,1108,No-show,2024-05-13
1109,1109,No-show,2024-07-16
1110,1110,Cancelled,2024-05-13
1111,1111,Cancelled,2024-07-16
1112,1112,Completed,2024-08-21
1113,1113,Completed,2024-03-03
1114,1114,Cancelled,2024-08-26
1115,1115,No-show,2024-08-18
1116,1116,Completed,2024-09-05
1117,1117,Completed,2024-02-20
1118,1118,No-show,2024-08-24
1119,1119,No-show,2024-05-19
1120,1120,Completed,2024-03-25
1121,1121,Cancelled,2024-04-14
1122,1122,Completed,2024-03-22
1123,1123,No-show,2024-02-05
1124,1124,Cancelled,2024-02-06
1125,1125,No-show,2024-05-08
1126,1126,Completed,2024-06-18
1127,1127,No-show,2024-02-13
1128,1128,Completed,2024-01-15
1129,1129,Cancelled,2024-06-27
1130,1130,No-show,2024-07-24
1131,1131,Cancelled,2024-01-28
1132,1132,No-show,2024-03-17
1133,1133,No-show,2024-08-23
1134,1134,No-show,2024-07-24
1135,1135,Cancelled,2024-02-05
1136,1136,No-show,2024-08-08
1137,1137,Cancelled,2024-02-02
1138,1138,No-show,2024-06-07
1139,1139,Cancelled,2024-01-07
1140,1140,No-show,2024-08-13
1141,1141,Completed,2024-06-10
1142,1142,Completed,2024-09-23
1143,1143,Completed,2024-08-17
1144,1144,Completed,2024-08-21
1145,1145,No-show,2024-03-06
1146,1146,Cancelled,2024-03-24
1147,1147,No-show,2024-01-19
1148,1148,Completed,2024-09-02
1149,1149,Cancelled,2024-03-01
1150,1150,Completed,2024-09-17
1151,1151,Completed,2024-09-25
1152,1152,No-show,2024-06-17
1153,1153,Cancelled,2024-05-15
1154,1154,Cancelled,2024-02-19
1155,1155,Completed,2024-03-10
1156,1156,No-show,2024-04-14
1157,1157,No-show,2024-04-13
1158,1158,Completed,2024-05-21
1159,1159,Cancelled,2024-02-01
1160,1160,Cancelled,2024-05-04
1161,1161,No-show,2024-05-08
1162,1162,Cancelled,2024-04-05
1163,1163,Cancelled,2024-04-20
1164,1164,No-show,2024-01-17
1165,1165,No-show,2024-02-28
1166,1166,Cancelled,2024-08-28
1167,1167,Cancelled,2024-01-21
1168,1168,No-show,2024-06-12
1169,1169,No-show,2024-03-07
1170,1170,No-show,2024-09-01
1171,1171,Completed,2024-03-10
1172,1172,Completed,2024-04-03
1173,1173,No-show,2024-07-29
1174,1174,Completed,2024-02-10
1175,1175,Completed,2024-03-26
1176,1176,No-show,2024-05-16
1177,1177,Completed,2024-07-28
1178,1178,No-show,2024-06-28
1179,1179,Cancelled,2024-05-19
1180,1180,Completed,2024-08-02
1181,1181,Cancelled,2024-09-07
1182,1182,Cancelled,2024-06-30
1183,1183,Completed,2024-03-01
1184,1184,Cancelled,2024-05-22
1185,1185,No-show,2024-01-01
1186,1186,No-show,2024-03-06
1187,1187,Cancelled,2024-08-01
1188,1188,Cancelled,2024-09-05
1189,1189,No-show,2024-08-19
1190,1190,Completed,2024-07-18
1191,1191,No-show,2024-01-21
1192,1192,No-show,2024-02-12
1193,1193,Completed,2024-02-27
1194,1194,No-show,2024-01-25
1195,1195,Completed,2024-01-10
1196,1196,No-show,2024-08-03
1197,1197,Cancelled,2024-09-23
1198,1198,Completed,2024-09-03
1199,1199,Completed,2024-04-22
1200,1200,Completed,2024-03-04
1201,1201,Cancelled,2024-09-01
1202,1202,Cancelled,2024-08-23
1203,1203,No-show,2024-02-08
1204,1204,Cancelled,2024-09-24
1205,1205,No-show,2024-01-25
1206,1206,Cancelled,2024-09-24
1207,1207,Completed,2024-02-25
1208,1208,No-show,2024-08-08
1209,1209,Cancelled,2024-07-01
1210,1210,No-show,2024-01-07
1211,1211,Completed,2024-03-20
1212,1212,Cancelled,2024-04-15
1213,1213,No-show,2024-04-25
1214,1214,No-show,2024-03-22
1215,1215,No-show,2024-08-25
1216,1216,No-show,2024-03-17
1217,1217,No-show,2024-06-21
1218,1218,No-show,2024-05-15
1219,1219,Completed,2024-09-14
1220,1220,Cancelled,2024-02-20
1221,1221,Completed,2024-03-10
1222,1222,Completed,2024-03-08
1223,1223,Cancelled,2024-09-09
1224,1224,Completed,2024-02-08
1225,1225,Completed,2024-09-03
1226,1226,Cancelled,2024-04-28
1227,1227,Completed,2024-02-01
1228,1228,Cancelled,2024-09-03
1229,1229,Cancelled,2024-05-02
1230,1230,Completed,2024-05-20
1231,1231,Completed,2024-06-19
1232,1232,No-show,2024-08-17
1233,1233,Completed,2024-07-16
1234,1234,No-show,2024-03-16
1235,1235,Completed,2024-02-22
1236,1236,Cancelled,2024-01-01
1237,1237,No-show,2024-08-04
1238,1238,Cancelled,2024-05-20
1239,1239,Completed,2024-09-02
1240,1240,Cancelled,2024-07-24
1241,1241,Completed,2024-02-09
1242,1242,Cancelled,2024-06-12
1243,1243,No-show,2024-06-11
1244,1244,No-show,2024-06-01
1245,1245,Cancelled,2024-08-31
1246,1246,No-show,2024-03-18
1247,1247,Cancelled,2024-04-09
1248,1248,Completed,2024-09-05
1249,1249,Completed,2024-03-22
1250,1250,Cancelled,2024-02-16
1251,1251,Cancelled,2024-09-08
1252,1252,Cancelled,2024-07-11
1253,1253,Cancelled,2024-08-20
1254,1254,No-show,2024-01-23
1255,1255,Cancelled,2024-04-26
1256,1256,Cancelled,2024-08-01
1257,1257,Cancelled,2024-02-21
1258,1258,Completed,2024-02-11
1259,1259,No-show,2024-07-15
1260,1260,Cancelled,2024-08-31
1261,1261,No-show,2024-09-13
1262,1262,Cancelled,2024-02-10
1263,1263,Completed,2024-04-16
1264,1264,No-show,2024-04-01
1265,1265,Cancelled,2024-04-26
1266,1266,Completed,2024-09-08
1267,1267,No-show,2024-06-18
1268,1268,Cancelled,2024-04-02
1269,1269,Cancelled,2024-06-09
1270,1270,Cancelled,2024-09-22
1271,1271,Completed,2024-01-17
1272,1272,Completed,2024-01-05
1273,1273,Completed,2024-01-25
1274,1274,Cancelled,2024-08-26
1275,1275,Cancelled,2024-02-19
1276,1276,No-show,2024-04-14
1277,1277,Cancelled,2024-01-13
1278,1278,Completed,2024-05-24
1279,1279,Completed,2024-09-01
1280,1280,No-show,2024-03-04
1281,1281,Completed,2024-03-23
1282,1282,Cancelled,2024-08-24
1283,1283,Cancelled,2024-08-19
1284,1284,Completed,2024-08-14
1285,1285,No-show,2024-05-09
1286,1286,Completed,2024-08-04
1287,1287,No-show,2024-06-17
1288,1288,Cancelled,2024-06-13
1289,1289,No-show,2024-06-06
1290,1290,No-show,2024-04-05
1291,1291,Completed,2024-03-30
1292,1292,Cancelled,2024-06-06
1293,1293,Completed,2024-03-19
1294,1294,No-show,2024-05-19
1295,1295,Cancelled,2024-01-06
1296,1296,Completed,2024-02-19
1297,1297,No-show,2024-03-21
1298,1298,Completed,2024-09-10
1299,1299,Cancelled,2024-08-14
1300,1300,Completed,2024-05-05
1301,1301,Completed,2024-02-04
1302,1302,Completed,2024-04-05
1303,1303,No-show,2024-05-25
1304,1304,No-show,2024-08-14
1305,1305,Cancelled,2024-03-15
1306,1306,Cancelled,2024-01-05
1307,1307,No-show,2024-06-27
1308,1308,Cancelled,2024-03-11
1309,1309,Cancelled,2024-07-26
1310,1310,No-show,2024-05-09
1311,1311,No-show,2024-07-22
1312,1312,No-show,2024-09-13
1313,1313,Completed,2024-06-16
1314,1314,Cancelled,2024-06-10
1315,1315,Cancelled,2024-04-17
1316,1316,Cancelled,2024-01-06
1317,1317,Completed,2024-08-01
1318,1318,No-show,2024-09-09
1319,1319,Cancelled,2024-08-10
1320,1320,No-show,2024-06-18
1321,1321,No-show,2024-01-08
1322,1322,Completed,2024-09-20
1323,1323,Completed,2024-01-28
1324,1324,No-show,2024-05-25
1325,1325,Completed,2024-04-13
1326,1326,Cancelled,2024-01-18
1327,1327,Cancelled,2024-04-21
1328,1328,No-show,2024-04-04
1329,1329,No-show,2024-06-08
1330,1330,Completed,2024-07-25
1331,1331,Completed,2024-03-19
1332,1332,No-show,2024-02-10
1333,1333,No-show,2024-07-19
1334,1334,Cancelled,2024-02-21
1335,1335,No-show,2024-05-03
1336,1336,Completed,2024-03-21
1337,1337,Cancelled,2024-06-15
1338,1338,No-show,2024-08-02
1339,1339,Completed,2024-01-06
1340,1340,No-show,2024-06-23
1341,1341,Completed,2024-07-12
1342,1342,Cancelled,2024-09-18
1343,1343,No-show,2024-07-06
1344,1344,No-show,2024-06-01
1345,1345,No-show,2024-01-31
1346,1346,No-show,2024-01-14
1347,1347,No-show,2024-03-23
1348,1348,No-show,2024-09-11
1349,1349,Cancelled,2024-02-24
1350,1350,Completed,2024-05-11
1351,1351,No-show,2024-09-11
1352,1352,No-show,2024-02-13
1353,1353,Completed,2024-02-06
1354,1354,Cancelled,2024-02-29
1355,1355,No-show,2024-01-05
1356,1356,No-show,2024-01-14
1357,1357,No-show,2024-03-02
1358,1358,Completed,2024-06-11
1359,1359,Cancelled,2024-02-29
1360,1360,No-show,2024-01-11
1361,1361,No-show,2024-07-18
1362,1362,Cancelled,2024-06-07
1363,1363,Cancelled,2024-03-05
1364,1364,Completed,2024-06-02
1365,1365,No-show,2024-01-06
1366,1366,Completed,2024-04-20
1367,1367,Cancelled,2024-02-11
1368,1368,No-show,2024-05-09
1369,1369,No-show,2024-07-04
1370,1370,No-show,2024-08-25
1371,1371,Completed,2024-07-21
1372,1372,Cancelled,2024-01-16
1373,1373,Completed,2024-02-20
1374,1374,Completed,2024-07-03
1375,1375,Cancelled,2024-02-20
1376,1376,No-show,2024-05-30
1377,1377,Cancelled,2024-03-22
1378,1378,No-show,2024-09-14
1379,1379,Cancelled,2024-07-02
1380,1380,Completed,2024-03-18
1381,1381,Completed,2024-09-12
1382,1382,Cancelled,2024-09-12
1383,1383,No-show,2024-08-01
1384,1384,No-show,2024-08-11
1385,1385,No-show,2024-02-29
1386,1386,Cancelled,2024-01-10
1387,1387,Completed,2024-08-19
1388,1388,Cancelled,2024-02-11
1389,1389,Cancelled,2024-01-03
1390,1390,Completed,2024-03-16
1391,1391,No-show,2024-05-24
1392,1392,Cancelled,2024-04-01
1393,1393,Completed,2024-05-13
1394,1394,Completed,2024-08-25
1395,1395,No-show,2024-08-15
1396,1396,Cancelled,2024-01-27
1397,1397,No-show,2024-07-10
1398,1398,Cancelled,2024-05-16
1399,1399,No-show,2024-02-08
1400,1400,No-show,2024-04-14
1401,1401,Cancelled,2024-02-29
1402,1402,Completed,2024-05-17
1403,1403,Completed,2024-09-17
1404,1404,Completed,2024-06-13
1405,1405,Cancelled,2024-03-21
1406,1406,Completed,2024-06-10
1407,1407,Completed,2024-09-16
1408,1408,No-show,2024-06-20
1409,1409,Cancelled,2024-05-09
1410,1410,No-show,2024-03-23
1411,1411,Completed,2024-04-22
1412,1412,No-show,2024-03-09
1413,1413,Completed,2024-05-18
1414,1414,No-show,2024-05-29
1415,1415,No-show,2024-03-12
1416,1416,Completed,2024-01-08
1417,1417,Cancelled,2024-01-04
1418,1418,Cancelled,2024-01-03
1419,1419,Cancelled,2024-03-21
1420,1420,Cancelled,2024-01-16
1421,1421,No-show,2024-04-26
1422,1422,Cancelled,2024-02-22
1423,1423,Cancelled,2024-09-20
1424,1424,Completed,2024-08-01
1425,1425,Completed,2024-06-29
1426,1426,No-show,2024-05-02
1427,1427,No-show,2024-07-23
1428,1428,No-show,2024-08-22
1429,1429,No-show,2024-09-23
1430,1430,No-show,2024-01-17
1431,1431,No-show,2024-02-12
1432,1432,Cancelled,2024-07-30
1433,1433,No-show,2024-01-20
1434,1434,Completed,2024-04-24
1435,1435,No-show,2024-08-20
1436,1436,Completed,2024-05-25
1437,1437,No-show,2024-09-11
1438,1438,Completed,2024-02-08
1439,1439,Cancelled,2024-08-15
1440,1440,Cancelled,2024-07-29
1441,1441,Cancelled,2024-03-05
1442,1442,No-show,2024-06-13
1443,1443,Cancelled,2024-08-05
1444,1444,Completed,2024-04-03
1445,1445,No-show,2024-09-12
1446,1446,Cancelled,2024-01-09
1447,1447,Cancelled,2024-02-28
1448,1448,No-show,2024-04-12
1449,1449,No-show,2024-03-10
1450,1450,Cancelled,2024-04-02
1451,1451,Completed,2024-05-31
1452,1452,Cancelled,2024-04-06
1453,1453,No-show,2024-04-17
1454,1454,Completed,2024-01-15
1455,1455,No-show,2024-05-23
1456,1456,Cancelled,2024-02-17
1457,1457,No-show,2024-04-16
1458,1458,Completed,2024-01-14
1459,1459,No-show,2024-07-30
1460,1460,No-show,2024-07-20
1461,1461,Completed,2024-05-20
1462,1462,Cancelled,2024-04-15
1463,1463,Completed,2024-09-05
1464,1464,Cancelled,2024-04-12
1465,1465,Completed,2024-01-13
1466,1466,Completed,2024-04-05
1467,1467,Cancelled,2024-07-22
1468,1468,Cancelled,2024-07-10
1469,1469,Completed,2024-09-21
1470,1470,Cancelled,2024-04-11
1471,1471,Cancelled,2024-05-21
1472,1472,Completed,2024-09-20
1473,1473,Cancelled,2024-06-13
1474,1474,No-show,2024-06-05
1475,1475,Cancelled,2024-06-07
1476,1476,Cancelled,2024-05-26
1477,1477,No-show,2024-07-25
1478,1478,Completed,2024-09-17
1479,1479,Cancelled,2024-04-15
1480,1480,Completed,2024-02-13
1481,1481,No-show,2024-09-07
1482,1482,Completed,2024-09-20
1483,1483,Completed,2024-07-12
1484,1484,Completed,2024-07-17
1485,1485,Completed,2024-08-11
1486,1486,Cancelled,2024-04-25
1487,1487,Completed,2024-03-25
1488,1488,Completed,2024-02-21
1489,1489,No-show,2024-05-22
1490,1490,No-show,2024-02-09
1491,1491,No-show,2024-04-01
1492,1492,No-show,2024-08-18
1493,1493,Cancelled,2024-02-27
1494,1494,Completed,2024-06-04
1495,1495,Completed,2024-09-04
1496,1496,No-show,2024-04-22
1497,1497,Completed,2024-06-04
1498,1498,Cancelled,2024-04-04
1499,1499,No-show,2024-07-09
1500,1500,Cancelled,2024-04-03
1501,1501,Completed,2024-04-19
1502,1502,Cancelled,2024-04-28
1503,1503,Completed,2024-04-25
1504,1504,Cancelled,2024-04-16
1505,1505,Completed,2024-08-31
1506,1506,Cancelled,2024-09-02
1507,1507,No-show,2024-09-19
1508,1508,Completed,2024-08-11
1509,1509,Cancelled,2024-05-23
1510,1510,Completed,2024-04-19
1511,1511,Cancelled,2024-01-03
1512,1512,No-show,2024-08-22
1513,1513,No-show,2024-06-01
1514,1514,Cancelled,2024-04-25
1515,1515,Completed,2024-02-20
1516,1516,Completed,2024-09-12
1517,1517,Cancelled,2024-06-28
1518,1518,No-show,2024-03-05
1519,1519,Completed,2024-01-06
1520,1520,No-show,2024-04-01
1521,1521,No-show,2024-05-08
1522,1522,Cancelled,2024-04-29
1523,1523,Completed,2024-03-05
1524,1524,No-show,2024-04-13
1525,1525,Cancelled,2024-02-18
1526,1526,Completed,2024-06-05
1527,1527,Cancelled,2024-01-27
1528,1528,No-show,2024-07-02
1529,1529,No-show,2024-06-05
1530,1530,No-show,2024-04-10
1531,1531,Completed,2024-07-26
1532,1532,No-show,2024-07-13
1533,1533,Completed,2024-06-10
1534,1534,No-show,2024-01-20
1535,1535,No-show,2024-06-12
1536,1536,Cancelled,2024-04-28
1537,1537,Cancelled,2024-02-01
1538,1538,No-show,2024-09-22
1539,1539,No-show,2024-09-08
1540,1540,No-show,2024-06-09
1541,1541,No-show,2024-08-21
1542,1542,Cancelled,2024-03-12
1543,1543,No-show,2024-03-02
1544,1544,Completed,2024-09-21
1545,1545,No-show,2024-06-02
1546,1546,Cancelled,2024-06-10
1547,1547,No-show,2024-05-20
1548,1548,Cancelled,2024-06-23
1549,1549,Cancelled,2024-07-10
1550,1550,No-show,2024-08-03
1551,1551,Completed,2024-01-28
1552,1552,Cancelled,2024-06-26
1553,1553,No-show,2024-04-01
1554,1554,No-show,2024-02-12
1555,1555,No-show,2024-04-27
1556,1556,Cancelled,2024-07-26
1557,1557,Completed,2024-05-23
1558,1558,Cancelled,2024-07-02
1559,1559,No-show,2024-09-02
1560,1560,Completed,2024-04-26
1561,1561,Completed,2024-03-28
1562,1562,Completed,2024-04-29
1563,1563,Cancelled,2024-06-03
1564,1564,Cancelled,2024-02-07
1565,1565,Cancelled,2024-08-01
1566,1566,Completed,2024-06-14
1567,1567,Cancelled,2024-06-16
1568,1568,No-show,2024-06-25
1569,1569,Completed,2024-09-06
1570,1570,Cancelled,2024-02-25
1571,1571,No-show,2024-01-23
1572,1572,Cancelled,2024-05-27
1573,1573,Cancelled,2024-09-07
1574,1574,Completed,2024-02-28
1575,1575,Completed,2024-09-21
1576,1576,No-show,2024-05-21
1577,1577,Completed,2024-02-27
1578,1578,Cancelled,2024-08-29
1579,1579,No-show,2024-03-15
1580,1580,No-show,2024-04-05
1581,1581,Cancelled,2024-03-20
1582,1582,Completed,2024-08-17
1583,1583,Cancelled,2024-05-28
1584,1584,Cancelled,2024-04-23
1585,1585,No-show,2024-08-04
1586,1586,No-show,2024-02-01
1587,1587,Completed,2024-06-09
1588,1588,No-show,2024-08-29
1589,1589,Completed,2024-01-23
1590,1590,Completed,2024-05-31
1591,1591,Cancelled,2024-08-23
1592,1592,Completed,2024-01-28
1593,1593,Completed,2024-08-27
1594,1594,No-show,2024-03-18
1595,1595,Completed,2024-03-04
1596,1596,Cancelled,2024-05-19
1597,1597,No-show,2024-04-04
1598,1598,No-show,2024-01-23
1599,1599,No-show,2024-09-11
1600,1600,Cancelled,2024-06-09
1601,1601,Cancelled,2024-08-01
1602,1602,No-show,2024-09-16
1603,1603,Cancelled,2024-02-07
1604,1604,Cancelled,2024-08-24
1605,1605,No-show,2024-01-02
1606,1606,Completed,2024-07-15
1607,1607,Completed,2024-03-10
1608,1608,Cancelled,2024-02-02
1609,1609,Completed,2024-01-08
1610,1610,Cancelled,2024-05-28
1611,1611,No-show,2024-09-18
1612,1612,Cancelled,2024-06-28
1613,1613,No-show,2024-05-30
1614,1614,No-show,2024-06-02
1615,1615,Completed,2024-09-03
1616,1616,No-show,2024-05-27
1617,1617,Completed,2024-04-28
1618,1618,Completed,2024-02-27
1619,1619,Cancelled,2024-04-10
1620,1620,Cancelled,2024-06-21
1621,1621,Cancelled,2024-01-30
1622,1622,No-show,2024-05-19
1623,1623,Cancelled,2024-01-09
1624,1624,Cancelled,2024-09-09
1625,1625,Cancelled,2024-08-07
1626,1626,No-show,2024-02-12
1627,1627,Cancelled,2024-07-22
1628,1628,Cancelled,2024-01-06
1629,1629,Cancelled,2024-02-05
1630,1630,Completed,2024-01-03
1631,1631,No-show,2024-09-17
1632,1632,Completed,2024-01-06
1633,1633,Cancelled,2024-07-10
1634,1634,Completed,2024-07-04
1635,1635,No-show,2024-04-15
1636,1636,Cancelled,2024-01-17
1637,1637,No-show,2024-04-09
1638,1638,No-show,2024-06-01
1639,1639,Completed,2024-06-27
1640,1640,No-show,2024-03-10
1641,1641,Completed,2024-07-14
1642,1642,No-show,2024-02-06
1643,1643,Cancelled,2024-01-03
1644,1644,Completed,2024-05-07
1645,1645,Completed,2024-02-05
1646,1646,Cancelled,2024-08-25
1647,1647,No-show,2024-07-18
1648,1648,Completed,2024-03-12
1649,1649,No-show,2024-07-18
1650,1650,Completed,2024-02-19
1651,1651,No-show,2024-09-03
1652,1652,No-show,2024-01-28
1653,1653,No-show,2024-05-16
1654,1654,No-show,2024-07-29
1655,1655,Cancelled,2024-02-11
1656,1656,Completed,2024-08-26
1657,1657,No-show,2024-08-19
1658,1658,Completed,2024-03-29
1659,1659,Cancelled,2024-05-16
1660,1660,Completed,2024-02-18
1661,1661,Cancelled,2024-07-18
1662,1662,No-show,2024-02-25
1663,1663,No-show,2024-04-02
1664,1664,Cancelled,2024-09-15
1665,1665,Completed,2024-02-25
1666,1666,Cancelled,2024-03-02
1667,1667,Cancelled,2024-03-29
1668,1668,No-show,2024-05-09
1669,1669,Completed,2024-03-16
1670,1670,Completed,2024-07-20
1671,1671,Cancelled,2024-09-11
1672,1672,No-show,2024-02-04
1673,1673,Cancelled,2024-05-18
1674,1674,Completed,2024-06-02
1675,1675,No-show,2024-01-12
1676,1676,No-show,2024-04-29
1677,1677,Completed,2024-08-10
1678,1678,Cancelled,2024-05-11
1679,1679,Cancelled,2024-07-01
1680,1680,Completed,2024-08-29
1681,1681,Completed,2024-03-19
1682,1682,Completed,2024-03-07
1683,1683,Cancelled,2024-08-15
1684,1684,Cancelled,2024-06-13
1685,1685,Completed,2024-02-28
1686,1686,Cancelled,2024-06-13
1687,1687,No-show,2024-06-05
1688,1688,Cancelled,2024-09-23
1689,1689,Completed,2024-08-17
1690,1690,No-show,2024-08-03
1691,1691,Completed,2024-07-30
1692,1692,Completed,2024-09-17
1693,1693,Cancelled,2024-08-04
1694,1694,Cancelled,2024-07-29
1695,1695,No-show,2024-02-07
1696,1696,Cancelled,2024-07-04
1697,1697,No-show,2024-08-12
1698,1698,Completed,2024-07-20
1699,1699,Cancelled,2024-01-01
1700,1700,Cancelled,2024-07-25
1701,1701,Completed,2024-05-14
1702,1702,No-show,2024-09-19
1703,1703,Completed,2024-03-25
1704,1704,No-show,2024-04-23
1705,1705,Cancelled,2024-05-29
1706,1706,Completed,2024-02-22
1707,1707,Completed,2024-07-31
1708,1708,No-show,2024-01-31
1709,1709,Completed,2024-01-17
1710,1710,Cancelled,2024-06-06
1711,1711,Cancelled,2024-05-13
1712,1712,Cancelled,2024-09-22
1713,1713,Cancelled,2024-02-22
1714,1714,No-show,2024-06-24
1715,1715,Completed,2024-07-26
1716,1716,Completed,2024-09-25
1717,1717,No-show,2024-04-18
1718,1718,Cancelled,2024-08-10
1719,1719,Cancelled,2024-06-29
1720,1720,No-show,2024-01-09
1721,1721,Cancelled,2024-03-12
1722,1722,Cancelled,2024-07-23
1723,1723,Cancelled,2024-04-06
1724,1724,No-show,2024-06-17
1725,1725,Completed,2024-03-25
1726,1726,Completed,2024-05-19
1727,1727,Cancelled,2024-07-18
1728,1728,Cancelled,2024-06-20
1729,1729,Cancelled,2024-07-18
1730,1730,No-show,2024-05-01
1731,1731,Cancelled,2024-09-04
1732,1732,Completed,2024-01-07
1733,1733,No-show,2024-04-12
1734,1734,Cancelled,2024-08-26
1735,1735,Completed,2024-09-02
1736,1736,No-show,2024-02-18
1737,1737,Cancelled,2024-07-22
1738,1738,Completed,2024-01-15
1739,1739,Completed,2024-07-21
1740,1740,Cancelled,2024-05-25
1741,1741,Completed,2024-02-28
1742,1742,No-show,2024-05-21
1743,1743,No-show,2024-04-17
1744,1744,Cancelled,2024-07-17
1745,1745,Completed,2024-03-25
1746,1746,Cancelled,2024-03-25
1747,1747,No-show,2024-02-22
1748,1748,Cancelled,2024-03-18
1749,1749,Completed,2024-05-09
1750,1750,Completed,2024-07-15
1751,1751,Cancelled,2024-07-12
1752,1752,Completed,2024-07-14
1753,1753,No-show,2024-07-05
1754,1754,No-show,2024-01-19
1755,1755,No-show,2024-09-17
1756,1756,No-show,2024-03-05
1757,1757,Completed,2024-03-05
1758,1758,Cancelled,2024-02-25
1759,1759,No-show,2024-06-03
1760,1760,Completed,2024-05-09
1761,1761,Completed,2024-05-10
1762,1762,Cancelled,2024-06-11
1763,1763,Cancelled,2024-09-08
1764,1764,No-show,2024-04-20
1765,1765,Cancelled,2024-01-28
1766,1766,No-show,2024-07-08
1767,1767,No-show,2024-04-05
1768,1768,No-show,2024-05-10
1769,1769,Completed,2024-04-07
1770,1770,No-show,2024-06-01
1771,1771,Completed,2024-07-14
1772,1772,Completed,2024-01-25
1773,1773,Cancelled,2024-01-13
1774,1774,Completed,2024-03-22
1775,1775,No-show,2024-07-30
1776,1776,Cancelled,2024-08-23
1777,1777,Cancelled,2024-09-11
1778,1778,Completed,2024-02-29
1779,1779,Cancelled,2024-01-14
1780,1780,Completed,2024-06-08
1781,1781,Cancelled,2024-07-01
1782,1782,Completed,2024-01-20
1783,1783,No-show,2024-05-26
1784,1784,Cancelled,2024-09-11
1785,1785,No-show,2024-02-24
1786,1786,Completed,2024-05-17
1787,1787,Cancelled,2024-08-18
1788,1788,Cancelled,2024-05-07
1789,1789,Cancelled,2024-03-06
1790,1790,No-show,2024-04-05
1791,1791,Completed,2024-02-16
1792,1792,No-show,2024-09-19
1793,1793,Cancelled,2024-06-28
1794,1794,Cancelled,2024-03-18
1795,1795,No-show,2024-09-12
1796,1796,Cancelled,2024-09-11
1797,1797,Completed,2024-09-05
1798,1798,Cancelled,2024-07-29
1799,1799,Completed,2024-07-03
1800,1800,Cancelled,2024-04-13
1801,1801,No-show,2024-08-25
1802,1802,No-show,2024-01-29
1803,1803,Cancelled,2024-04-15
1804,1804,No-show,2024-04-29
1805,1805,Completed,2024-07-03
1806,1806,Completed,2024-01-28
1807,1807,No-show,2024-03-07
1808,1808,Cancelled,2024-01-15
1809,1809,Cancelled,2024-05-23
1810,1810,Completed,2024-07-24
1811,1811,Completed,2024-08-10
1812,1812,Cancelled,2024-02-20
1813,1813,No-show,2024-08-26
1814,1814,No-show,2024-06-22
1815,1815,No-show,2024-02-03
1816,1816,No-show,2024-04-02
1817,1817,Cancelled,2024-06-11
1818,1818,Completed,2024-09-12
1819,1819,Completed,2024-05-26
1820,1820,Completed,2024-05-02
1821,1821,Completed,2024-05-02
1822,1822,Cancelled,2024-05-09
1823,1823,Completed,2024-07-09
1824,1824,Cancelled,2024-08-31
1825,1825,Cancelled,2024-03-10
1826,1826,No-show,2024-09-20
1827,1827,Cancelled,2024-09-15
1828,1828,No-show,2024-03-04
1829,1829,No-show,2024-01-12
1830,1830,No-show,2024-01-18
1831,1831,Cancelled,2024-08-19
1832,1832,Cancelled,2024-02-09
1833,1833,Completed,2024-03-27
1834,1834,Completed,2024-03-19
1835,1835,Cancelled,2024-02-19
1836,1836,No-show,2024-09-18
1837,1837,Cancelled,2024-03-23
1838,1838,No-show,2024-04-22
1839,1839,No-show,2024-06-25
1840,1840,No-show,2024-01-23
1841,1841,Cancelled,2024-08-14
1842,1842,Cancelled,2024-02-19
1843,1843,No-show,2024-09-18
1844,1844,Completed,2024-09-19
1845,1845,No-show,2024-05-08
1846,1846,Completed,2024-08-30
1847,1847,No-show,2024-05-28
1848,1848,No-show,2024-08-08
1849,1849,Cancelled,2024-07-07
1850,1850,No-show,2024-02-24
1851,1851,No-show,2024-03-24
1852,1852,Cancelled,2024-08-20
1853,1853,No-show,2024-06-03
1854,1854,Cancelled,2024-04-28
1855,1855,Cancelled,2024-05-07
1856,1856,Cancelled,2024-01-28
1857,1857,Cancelled,2024-01-06
1858,1858,No-show,2024-09-12
1859,1859,No-show,2024-01-28
1860,1860,Completed,2024-05-17
1861,1861,Completed,2024-02-06
1862,1862,Completed,2024-03-21
1863,1863,Completed,2024-09-15
1864,1864,No-show,2024-08-31
1865,1865,Completed,2024-04-23
1866,1866,Cancelled,2024-06-23
1867,1867,Completed,2024-09-01
1868,1868,Cancelled,2024-01-15
1869,1869,Cancelled,2024-04-21
1870,1870,No-show,2024-01-03
1871,1871,Completed,2024-05-14
1872,1872,Cancelled,2024-02-20
1873,1873,Cancelled,2024-02-29
1874,1874,No-show,2024-08-31
1875,1875,Cancelled,2024-07-15
1876,1876,Completed,2024-08-14
1877,1877,Completed,2024-07-13
1878,1878,Cancelled,2024-05-03
1879,1879,Cancelled,2024-03-28
1880,1880,Cancelled,2024-05-16
1881,1881,Completed,2024-06-08
1882,1882,Completed,2024-04-30
1883,1883,Cancelled,2024-03-12
1884,1884,Cancelled,2024-08-27
1885,1885,No-show,2024-01-23
1886,1886,Cancelled,2024-01-18
1887,1887,No-show,2024-03-01
1888,1888,Completed,2024-05-26
1889,1889,Completed,2024-02-29
1890,1890,Completed,2024-01-03
1891,1891,Cancelled,2024-07-09
1892,1892,No-show,2024-05-23
1893,1893,No-show,2024-01-06
1894,1894,No-show,2024-03-27
1895,1895,Completed,2024-06-22
1896,1896,Cancelled,2024-09-21
1897,1897,No-show,2024-05-24
1898,1898,Completed,2024-08-15
1899,1899,Cancelled,2024-03-11
1900,1900,No-show,2024-02-20
1901,1901,Cancelled,2024-05-19
1902,1902,Completed,2024-02-14
1903,1903,Completed,2024-06-11
1904,1904,Completed,2024-03-24
1905,1905,Completed,2024-07-21
1906,1906,Cancelled,2024-05-30
1907,1907,No-show,2024-04-28
1908,1908,No-show,2024-04-09
1909,1909,Cancelled,2024-01-21
1910,1910,Completed,2024-04-08
1911,1911,No-show,2024-09-18
1912,1912,Completed,2024-06-11
1913,1913,Completed,2024-02-23
1914,1914,Cancelled,2024-07-28
1915,1915,No-show,2024-07-27
1916,1916,Cancelled,2024-07-16
1917,1917,Completed,2024-02-08
1918,1918,Completed,2024-08-25
1919,1919,Cancelled,2024-02-23
1920,1920,No-show,2024-01-27
1921,1921,No-show,2024-03-29
1922,1922,Cancelled,2024-09-19
1923,1923,Cancelled,2024-09-04
1924,1924,Cancelled,2024-06-01
1925,1925,Cancelled,2024-02-20
1926,1926,Cancelled,2024-03-10
1927,1927,Completed,2024-08-11
1928,1928,Completed,2024-01-26
1929,1929,Completed,2024-01-10
1930,1930,Cancelled,2024-03-02
1931,1931,No-show,2024-04-09
1932,1932,Completed,2024-06-28
1933,1933,Completed,2024-01-23
1934,1934,Cancelled,2024-08-30
1935,1935,Cancelled,2024-04-30
1936,1936,Cancelled,2024-02-16
1937,1937,Cancelled,2024-01-26
1938,1938,Completed,2024-03-28
1939,1939,No-show,2024-01-14
1940,1940,No-show,2024-05-11
1941,1941,Cancelled,2024-09-23
1942,1942,No-show,2024-06-03
1943,1943,Completed,2024-07-30
1944,1944,No-show,2024-02-12
1945,1945,No-show,2024-08-05
1946,1946,Completed,2024-09-03
1947,1947,No-show,2024-07-07
1948,1948,No-show,2024-09-12
1949,1949,Cancelled,2024-09-04
1950,1950,No-show,2024-03-04
1951,1951,Completed,2024-08-26
1952,1952,Completed,2024-07-10
1953,1953,Cancelled,2024-09-16
1954,1954,Completed,2024-07-26
1955,1955,Completed,2024-06-06
1956,1956,No-show,2024-02-22
1957,1957,Completed,2024-07-27
1958,1958,No-show,2024-06-10
1959,1959,No-show,2024-07-19
1960,1960,Cancelled,2024-02-20
1961,1961,No-show,2024-01-31
1962,1962,No-show,2024-02-22
1963,1963,No-show,2024-01-07
1964,1964,Completed,2024-07-14
1965,1965,Completed,2024-06-25
1966,1966,Cancelled,2024-05-29
1967,1967,No-show,2024-05-04
1968,1968,No-show,2024-08-04
1969,1969,No-show,2024-05-12
1970,1970,No-show,2024-01-28
1971,1971,Cancelled,2024-08-12
1972,1972,Completed,2024-03-03
1973,1973,No-show,2024-01-29
1974,1974,Cancelled,2024-06-08
1975,1975,Cancelled,2024-04-04
1976,1976,No-show,2024-06-18
1977,1977,No-show,2024-05-17
1978,1978,Cancelled,2024-09-22
1979,1979,Cancelled,2024-05-26
1980,1980,Cancelled,2024-06-30
1981,1981,Cancelled,2024-04-10
1982,1982,No-show,2024-02-19
1983,1983,Cancelled,2024-07-25
1984,1984,No-show,2024-06-21
1985,1985,No-show,2024-07-31
1986,1986,Cancelled,2024-03-04
1987,1987,No-show,2024-05-01
1988,1988,Completed,2024-08-26
1989,1989,No-show,2024-07-09
1990,1990,Completed,2024-02-14
1991,1991,Completed,2024-07-05
1992,1992,Completed,2024-08-29
1993,1993,Completed,2024-04-18
1994,1994,Completed,2024-04-02
1995,1995,Completed,2024-09-22
1996,1996,No-show,2024-09-17
1997,1997,Completed,2024-08-27
1998,1998,No-show,2024-07-29
1999,1999,Completed,2024-08-09
2000,2000,Cancelled,2024-09-12
2001,2001,Completed,2024-01-07
2002,2002,Cancelled,2024-05-20
2003,2003,Cancelled,2024-09-01
2004,2004,Cancelled,2024-02-25
2005,2005,No-show,2024-08-22
2006,2006,Completed,2024-07-24
2007,2007,Cancelled,2024-02-03
2008,2008,No-show,2024-09-22
2009,2009,No-show,2024-03-21
2010,2010,Completed,2024-09-06
2011,2011,No-show,2024-01-14
2012,2012,Cancelled,2024-09-04
2013,2013,No-show,2024-02-05
2014,2014,No-show,2024-04-21
2015,2015,Completed,2024-02-06
2016,2016,No-show,2024-04-24
2017,2017,Cancelled,2024-07-26
2018,2018,Completed,2024-03-10
2019,2019,Cancelled,2024-05-03
2020,2020,Cancelled,2024-01-16
2021,2021,Cancelled,2024-06-06
2022,2022,Cancelled,2024-07-28
2023,2023,No-show,2024-09-02
2024,2024,Cancelled,2024-04-09
2025,2025,Completed,2024-08-16
2026,2026,Cancelled,2024-02-17
2027,2027,No-show,2024-09-04
2028,2028,Completed,2024-07-10
2029,2029,Cancelled,2024-06-27
2030,2030,Cancelled,2024-02-25
2031,2031,Cancelled,2024-03-15
2032,2032,No-show,2024-05-27
2033,2033,Cancelled,2024-06-10
2034,2034,Cancelled,2024-02-02
2035,2035,Cancelled,2024-03-17
2036,2036,Completed,2024-06-07
2037,2037,Cancelled,2024-01-26
2038,2038,Cancelled,2024-02-05
2039,2039,Completed,2024-08-25
2040,2040,Completed,2024-05-01
2041,2041,Cancelled,2024-03-16
2042,2042,Completed,2024-01-30
2043,2043,Cancelled,2024-05-26
2044,2044,No-show,2024-09-02
2045,2045,Completed,2024-08-18
2046,2046,Cancelled,2024-03-09
2047,2047,No-show,2024-01-14
2048,2048,No-show,2024-03-23
2049,2049,No-show,2024-02-27
2050,2050,Cancelled,2024-05-28
2051,2051,Completed,2024-09-04
2052,2052,Completed,2024-09-04
2053,2053,Cancelled,2024-05-06
2054,2054,Completed,2024-09-06
2055,2055,Cancelled,2024-07-23
2056,2056,No-show,2024-05-27
2057,2057,No-show,2024-05-25
2058,2058,Completed,2024-04-19
2059,2059,Completed,2024-03-04
2060,2060,No-show,2024-06-09
2061,2061,No-show,2024-01-12
2062,2062,Cancelled,2024-01-12
2063,2063,No-show,2024-03-20
2064,2064,Cancelled,2024-07-25
2065,2065,Cancelled,2024-03-22
2066,2066,No-show,2024-01-01
2067,2067,Cancelled,2024-01-11
2068,2068,Completed,2024-09-24
2069,2069,Completed,2024-03-09
2070,2070,Cancelled,2024-06-01
2071,2071,Completed,2024-03-28
2072,2072,Completed,2024-02-03
2073,2073,Completed,2024-03-30
2074,2074,No-show,2024-02-21
2075,2075,Cancelled,2024-04-17
2076,2076,Cancelled,2024-06-19
2077,2077,No-show,2024-06-04
2078,2078,Cancelled,2024-07-02
2079,2079,No-show,2024-08-31
2080,2080,Cancelled,2024-04-22
2081,2081,No-show,2024-01-29
2082,2082,Completed,2024-08-07
2083,2083,Completed,2024-05-18
2084,2084,Cancelled,2024-08-01
2085,2085,Cancelled,2024-02-16
2086,2086,No-show,2024-08-13
2087,2087,No-show,2024-07-18
2088,2088,Cancelled,2024-01-06
2089,2089,No-show,2024-01-02
2090,2090,No-show,2024-08-16
2091,2091,Completed,2024-05-05
2092,2092,Completed,2024-08-13
2093,2093,No-show,2024-01-25
2094,2094,No-show,2024-05-23
2095,2095,Cancelled,2024-05-10
2096,2096,Completed,2024-04-23
2097,2097,Cancelled,2024-08-10
2098,2098,No-show,2024-05-14
2099,2099,Completed,2024-09-01
2100,2100,Cancelled,2024-01-16
2101,2101,No-show,2024-03-03
2102,2102,Completed,2024-02-09
2103,2103,Completed,2024-05-01
2104,2104,No-show,2024-01-15
2105,2105,Cancelled,2024-04-11
2106,2106,No-show,2024-07-19
2107,2107,Cancelled,2024-06-15
2108,2108,Cancelled,2024-04-05
2109,2109,Cancelled,2024-03-25
2110,2110,No-show,2024-02-23
2111,2111,Cancelled,2024-03-23
2112,2112,No-show,2024-01-08
2113,2113,No-show,2024-07-15
2114,2114,Cancelled,2024-04-26
2115,2115,Completed,2024-08-18
2116,2116,Cancelled,2024-09-13
2117,2117,Completed,2024-05-28
2118,2118,Completed,2024-09-09
2119,2119,Completed,2024-09-22
2120,2120,No-show,2024-05-13
2121,2121,Completed,2024-08-23
2122,2122,No-show,2024-07-12
2123,2123,Cancelled,2024-08-01
2124,2124,No-show,2024-05-01
2125,2125,No-show,2024-02-29
2126,2126,Cancelled,2024-07-05
2127,2127,Cancelled,2024-09-14
2128,2128,Cancelled,2024-05-20
2129,2129,No-show,2024-07-01
2130,2130,No-show,2024-01-04
2131,2131,Completed,2024-02-15
2132,2132,No-show,2024-04-30
2133,2133,Completed,2024-09-13
2134,2134,Cancelled,2024-06-07
2135,2135,Cancelled,2024-03-01
2136,2136,Cancelled,2024-04-16
2137,2137,Cancelled,2024-04-17
2138,2138,Completed,2024-09-03
2139,2139,No-show,2024-07-05
2140,2140,Completed,2024-03-06
2141,2141,No-show,2024-08-16
2142,2142,Cancelled,2024-09-12
2143,2143,Completed,2024-03-10
2144,2144,Completed,2024-08-05
2145,2145,Completed,2024-04-27
2146,2146,No-show,2024-02-06
2147,2147,Completed,2024-05-01
2148,2148,Cancelled,2024-04-22
2149,2149,Cancelled,2024-02-05
2150,2150,Completed,2024-07-03
2151,2151,Cancelled,2024-02-29
2152,2152,Cancelled,2024-04-01
2153,2153,No-show,2024-07-01
2154,2154,Completed,2024-08-17
2155,2155,Cancelled,2024-07-14
2156,2156,No-show,2024-07-11
2157,2157,Completed,2024-04-11
2158,2158,No-show,2024-04-20
2159,2159,Cancelled,2024-08-29
2160,2160,Cancelled,2024-09-18
2161,2161,Cancelled,2024-01-06
2162,2162,Completed,2024-04-26
2163,2163,No-show,2024-01-14
2164,2164,Cancelled,2024-08-11
2165,2165,Completed,2024-01-24
2166,2166,No-show,2024-04-07
2167,2167,Completed,2024-04-05
2168,2168,No-show,2024-01-11
2169,2169,Cancelled,2024-03-26
2170,2170,Completed,2024-04-18
2171,2171,Completed,2024-09-14
2172,2172,Completed,2024-03-12
2173,2173,Cancelled,2024-07-17
2174,2174,Completed,2024-04-26
2175,2175,Cancelled,2024-09-08
2176,2176,Completed,2024-06-24
2177,2177,Cancelled,2024-06-15
2178,2178,Completed,2024-06-03
2179,2179,Completed,2024-09-13
2180,2180,Completed,2024-06-11
2181,2181,Completed,2024-02-16
2182,2182,No-show,2024-03-30
2183,2183,Completed,2024-07-18
2184,2184,No-show,2024-06-04
2185,2185,Completed,2024-05-11
2186,2186,No-show,2024-03-25
2187,2187,No-show,2024-06-01
2188,2188,Completed,2024-02-28
2189,2189,Completed,2024-04-06
2190,2190,No-show,2024-08-01
2191,2191,Completed,2024-07-25
2192,2192,Cancelled,2024-08-27
2193,2193,Cancelled,2024-06-28
2194,2194,Completed,2024-05-21
2195,2195,Cancelled,2024-06-20
2196,2196,No-show,2024-06-04
2197,2197,No-show,2024-01-17
2198,2198,Cancelled,2024-08-11
2199,2199,Cancelled,2024-02-18
2200,2200,Completed,2024-06-13
2201,2201,Cancelled,2024-02-28
2202,2202,Completed,2024-07-30
2203,2203,No-show,2024-03-26
2204,2204,No-show,2024-02-29
2205,2205,No-show,2024-08-09
2206,2206,No-show,2024-03-03
2207,2207,Cancelled,2024-02-14
2208,2208,Cancelled,2024-09-18
2209,2209,Cancelled,2024-09-18
2210,2210,Cancelled,2024-03-14
2211,2211,Cancelled,2024-03-08
2212,2212,Completed,2024-05-14
2213,2213,Completed,2024-07-21
2214,2214,No-show,2024-04-10
2215,2215,Completed,2024-05-31
2216,2216,No-show,2024-03-18
2217,2217,Completed,2024-04-29
2218,2218,Cancelled,2024-07-03
2219,2219,No-show,2024-06-05
2220,2220,Cancelled,2024-01-08
2221,2221,Cancelled,2024-01-16
2222,2222,Completed,2024-05-22
2223,2223,No-show,2024-03-26
2224,2224,No-show,2024-06-16
2225,2225,Completed,2024-07-26
2226,2226,No-show,2024-05-24
2227,2227,No-show,2024-01-09
2228,2228,Cancelled,2024-06-30
2229,2229,Cancelled,2024-02-26
2230,2230,Completed,2024-09-24
2231,2231,Cancelled,2024-01-12
2232,2232,Cancelled,2024-04-22
2233,2233,No-show,2024-07-25
2234,2234,Completed,2024-06-27
2235,2235,Cancelled,2024-05-14
2236,2236,Cancelled,2024-01-09
2237,2237,No-show,2024-03-20
2238,2238,No-show,2024-07-14
2239,2239,Completed,2024-01-08
2240,2240,Completed,2024-07-25
2241,2241,Completed,2024-09-06
2242,2242,Cancelled,2024-07-11
2243,2243,Completed,2024-04-02
2244,2244,Completed,2024-04-24
2245,2245,Completed,2024-08-05
2246,2246,Completed,2024-06-13
2247,2247,No-show,2024-09-15
2248,2248,Cancelled,2024-06-02
2249,2249,Completed,2024-01-08
2250,2250,No-show,2024-03-17
2251,2251,Cancelled,2024-05-30
2252,2252,Completed,2024-04-02
2253,2253,No-show,2024-05-22
2254,2254,No-show,2024-08-09
2255,2255,No-show,2024-01-07
2256,2256,No-show,2024-04-25
2257,2257,No-show,2024-05-10
2258,2258,No-show,2024-07-23
2259,2259,Completed,2024-05-18
2260,2260,Cancelled,2024-03-28
2261,2261,Completed,2024-08-16
2262,2262,Cancelled,2024-04-27
2263,2263,No-show,2024-04-16
2264,2264,Completed,2024-09-13
2265,2265,No-show,2024-02-08
2266,2266,Completed,2024-05-09
2267,2267,No-show,2024-03-10
2268,2268,Completed,2024-05-24
2269,2269,Cancelled,2024-08-11
2270,2270,Completed,2024-06-24
2271,2271,Completed,2024-05-27
2272,2272,Cancelled,2024-07-05
2273,2273,No-show,2024-01-08
2274,2274,No-show,2024-05-30
2275,2275,No-show,2024-08-12
2276,2276,No-show,2024-03-23
2277,2277,No-show,2024-04-10
2278,2278,Cancelled,2024-07-23
2279,2279,Completed,2024-03-08
2280,2280,Cancelled,2024-07-10
2281,2281,Cancelled,2024-04-11
2282,2282,No-show,2024-05-24
2283,2283,Completed,2024-08-29
2284,2284,Cancelled,2024-02-26
2285,2285,Completed,2024-03-21
2286,2286,Completed,2024-08-10
2287,2287,No-show,2024-07-25
2288,2288,No-show,2024-05-30
2289,2289,Completed,2024-05-10
2290,2290,No-show,2024-02-01
2291,2291,Cancelled,2024-05-20
2292,2292,No-show,2024-06-11
2293,2293,Cancelled,2024-01-11
2294,2294,No-show,2024-05-15
2295,2295,Cancelled,2024-08-28
2296,2296,Completed,2024-07-15
2297,2297,No-show,2024-03-02
2298,2298,Completed,2024-03-07
2299,2299,Completed,2024-01-17
2300,2300,Completed,2024-09-15
2301,2301,Cancelled,2024-07-07
2302,2302,Completed,2024-07-07
2303,2303,Cancelled,2024-04-03
2304,2304,Cancelled,2024-03-12
2305,2305,Completed,2024-09-19
2306,2306,Cancelled,2024-05-17
2307,2307,Completed,2024-08-06
2308,2308,Completed,2024-03-17
2309,2309,Cancelled,2024-06-30
2310,2310,Cancelled,2024-02-15
2311,2311,Cancelled,2024-02-21
2312,2312,No-show,2024-02-13
2313,2313,No-show,2024-06-06
2314,2314,Completed,2024-04-14
2315,2315,Completed,2024-06-30
2316,2316,Completed,2024-08-24
2317,2317,Cancelled,2024-08-02
2318,2318,Completed,2024-01-06
2319,2319,Completed,2024-02-10
2320,2320,No-show,2024-01-01
2321,2321,Completed,2024-03-13
2322,2322,No-show,2024-09-03
2323,2323,Completed,2024-02-24
2324,2324,Cancelled,2024-04-15
2325,2325,No-show,2024-04-26
2326,2326,Completed,2024-03-20
2327,2327,No-show,2024-01-12
2328,2328,Completed,2024-03-29
2329,2329,Cancelled,2024-02-14
2330,2330,No-show,2024-07-22
2331,2331,No-show,2024-03-12
2332,2332,No-show,2024-02-19
2333,2333,Completed,2024-03-25
2334,2334,Completed,2024-03-24
2335,2335,Completed,2024-06-21
2336,2336,Cancelled,2024-08-26
2337,2337,Cancelled,2024-03-08
2338,2338,No-show,2024-07-31
2339,2339,Cancelled,2024-09-09
2340,2340,Completed,2024-09-23
2341,2341,No-show,2024-06-01
2342,2342,No-show,2024-06-12
2343,2343,Cancelled,2024-07-14
2344,2344,No-show,2024-06-30
2345,2345,Completed,2024-04-29
2346,2346,Completed,2024-05-02
2347,2347,No-show,2024-08-09
2348,2348,Cancelled,2024-06-13
2349,2349,Cancelled,2024-07-24
2350,2350,Completed,2024-05-16
2351,2351,Cancelled,2024-07-10
2352,2352,No-show,2024-03-05
2353,2353,Cancelled,2024-03-22
2354,2354,No-show,2024-05-26
2355,2355,No-show,2024-02-15
2356,2356,No-show,2024-07-03
2357,2357,Cancelled,2024-04-13
2358,2358,Completed,2024-07-23
2359,2359,No-show,2024-05-21
2360,2360,Completed,2024-03-03
2361,2361,No-show,2024-03-22
2362,2362,Completed,2024-04-03
2363,2363,Completed,2024-08-17
2364,2364,No-show,2024-05-22
2365,2365,No-show,2024-01-30
2366,2366,Completed,2024-05-30
2367,2367,Cancelled,2024-07-16
2368,2368,Cancelled,2024-07-18
2369,2369,No-show,2024-03-17
2370,2370,Cancelled,2024-09-17
2371,2371,Completed,2024-06-27
2372,2372,Cancelled,2024-02-03
2373,2373,No-show,2024-05-20
2374,2374,No-show,2024-09-17
2375,2375,Completed,2024-04-07
2376,2376,No-show,2024-08-13
2377,2377,No-show,2024-04-10
2378,2378,Completed,2024-07-17
2379,2379,No-show,2024-04-20
2380,2380,No-show,2024-04-11
2381,2381,Cancelled,2024-08-23
2382,2382,No-show,2024-07-29
2383,2383,Completed,2024-06-07
2384,2384,No-show,2024-02-28
2385,2385,No-show,2024-06-25
2386,2386,Cancelled,2024-08-27
2387,2387,Cancelled,2024-09-12
2388,2388,No-show,2024-07-15
2389,2389,No-show,2024-08-22
2390,2390,No-show,2024-05-08
2391,2391,Cancelled,2024-02-21
2392,2392,No-show,2024-07-13
2393,2393,Cancelled,2024-05-18
2394,2394,Cancelled,2024-06-06
2395,2395,Completed,2024-05-11
2396,2396,Cancelled,2024-03-22
2397,2397,Completed,2024-05-19
2398,2398,Cancelled,2024-08-07
2399,2399,No-show,2024-08-16
2400,2400,Completed,2024-08-13
2401,2401,No-show,2024-07-29
2402,2402,Cancelled,2024-05-06
2403,2403,No-show,2024-04-05
2404,2404,No-show,2024-06-24
2405,2405,Completed,2024-03-28
2406,2406,No-show,2024-01-30
2407,2407,Cancelled,2024-08-12
2408,2408,Cancelled,2024-02-05
2409,2409,Cancelled,2024-05-08
2410,2410,No-show,2024-09-04
2411,2411,No-show,2024-08-07
2412,2412,No-show,2024-08-22
2413,2413,Cancelled,2024-01-04
2414,2414,Completed,2024-02-29
2415,2415,No-show,2024-06-17
2416,2416,Completed,2024-07-29
2417,2417,Cancelled,2024-01-21
2418,2418,No-show,2024-07-20
2419,2419,Cancelled,2024-09-12
2420,2420,No-show,2024-05-31
2421,2421,Completed,2024-08-25
2422,2422,Cancelled,2024-03-25
2423,2423,Completed,2024-09-17
2424,2424,Cancelled,2024-01-04
2425,2425,No-show,2024-04-30
2426,2426,Completed,2024-07-30
2427,2427,Cancelled,2024-09-17
2428,2428,No-show,2024-02-17
2429,2429,No-show,2024-03-12
2430,2430,Cancelled,2024-02-01
2431,2431,Completed,2024-04-10
2432,2432,Completed,2024-06-13
2433,2433,Cancelled,2024-01-15
2434,2434,Completed,2024-02-11
2435,2435,No-show,2024-07-05
2436,2436,Cancelled,2024-05-04
2437,2437,Cancelled,2024-03-06
2438,2438,No-show,2024-01-21
2439,2439,No-show,2024-05-06
2440,2440,Cancelled,2024-02-24
2441,2441,Cancelled,2024-07-22
2442,2442,Cancelled,2024-09-10
2443,2443,Completed,2024-03-06
2444,2444,Cancelled,2024-08-02
2445,2445,Cancelled,2024-06-30
2446,2446,Cancelled,2024-05-03
2447,2447,No-show,2024-06-14
2448,2448,Completed,2024-02-03
2449,2449,Cancelled,2024-03-02
2450,2450,Cancelled,2024-07-01
2451,2451,Cancelled,2024-03-08
2452,2452,Cancelled,2024-06-25
2453,2453,Cancelled,2024-03-25
2454,2454,Completed,2024-09-14
2455,2455,Completed,2024-06-03
2456,2456,Completed,2024-03-11
2457,2457,Cancelled,2024-07-27
2458,2458,No-show,2024-01-14
2459,2459,Cancelled,2024-08-11
2460,2460,Completed,2024-07-17
2461,2461,Cancelled,2024-02-29
2462,2462,No-show,2024-07-31
2463,2463,Cancelled,2024-07-24
2464,2464,Completed,2024-09-24
2465,2465,Completed,2024-01-24
2466,2466,No-show,2024-04-14
2467,2467,Cancelled,2024-03-02
2468,2468,Completed,2024-08-21
2469,2469,Cancelled,2024-06-25
2470,2470,Completed,2024-09-09
2471,2471,Cancelled,2024-07-13
2472,2472,Completed,2024-09-09
2473,2473,Completed,2024-04-07
2474,2474,No-show,2024-08-31
2475,2475,No-show,2024-08-03
2476,2476,No-show,2024-02-21
2477,2477,Cancelled,2024-09-04
2478,2478,Completed,2024-03-04
2479,2479,Cancelled,2024-08-30
2480,2480,No-show,2024-08-29
2481,2481,No-show,2024-09-25
2482,2482,No-show,2024-01-28
2483,2483,Completed,2024-02-10
2484,2484,No-show,2024-01-21
2485,2485,No-show,2024-06-17
2486,2486,No-show,2024-05-20
2487,2487,No-show,2024-03-04
2488,2488,Completed,2024-09-23
2489,2489,No-show,2024-02-27
2490,2490,Completed,2024-04-12
2491,2491,Completed,2024-04-30
2492,2492,No-show,2024-06-17
2493,2493,Cancelled,2024-03-07
2494,2494,No-show,2024-07-31
2495,2495,No-show,2024-02-19
2496,2496,Completed,2024-07-19
2497,2497,No-show,2024-06-10
2498,2498,No-show,2024-07-10
2499,2499,Cancelled,2024-04-28
2500,2500,Completed,2024-05-01
2501,2501,Cancelled,2024-03-18
2502,2502,Cancelled,2024-03-06
2503,2503,Cancelled,2024-09-02
2504,2504,Completed,2024-01-15
2505,2505,No-show,2024-05-26
2506,2506,No-show,2024-08-16
2507,2507,Cancelled,2024-09-22
2508,2508,No-show,2024-04-09
2509,2509,Cancelled,2024-06-16
2510,2510,No-show,2024-04-07
2511,2511,Cancelled,2024-05-08
2512,2512,Cancelled,2024-02-04
2513,2513,No-show,2024-06-17
2514,2514,Cancelled,2024-08-10
2515,2515,Cancelled,2024-09-24
2516,2516,Cancelled,2024-07-10
2517,2517,Completed,2024-09-23
2518,2518,No-show,2024-03-09
2519,2519,No-show,2024-06-12
2520,2520,Completed,2024-07-23
2521,2521,Cancelled,2024-06-05
2522,2522,Cancelled,2024-04-04
2523,2523,No-show,2024-05-03
2524,2524,Cancelled,2024-06-16
2525,2525,No-show,2024-01-04
2526,2526,Completed,2024-06-30
2527,2527,Cancelled,2024-03-09
2528,2528,No-show,2024-04-20
2529,2529,No-show,2024-03-14
2530,2530,Cancelled,2024-07-25
2531,2531,Cancelled,2024-05-31
2532,2532,Cancelled,2024-08-05
2533,2533,No-show,2024-01-09
2534,2534,Cancelled,2024-01-19
2535,2535,No-show,2024-01-08
2536,2536,No-show,2024-05-26
2537,2537,No-show,2024-09-12
2538,2538,No-show,2024-08-07
2539,2539,Cancelled,2024-01-16
2540,2540,No-show,2024-05-07
2541,2541,No-show,2024-09-24
2542,2542,No-show,2024-07-30
2543,2543,Completed,2024-04-13
2544,2544,Cancelled,2024-06-07
2545,2545,Cancelled,2024-04-13
2546,2546,No-show,2024-04-20
2547,2547,Cancelled,2024-02-15
2548,2548,Completed,2024-07-16
2549,2549,No-show,2024-05-16
2550,2550,No-show,2024-01-12
2551,2551,Completed,2024-08-18
2552,2552,Completed,2024-05-09
2553,2553,Completed,2024-02-18
2554,2554,Completed,2024-06-21
2555,2555,No-show,2024-09-04
2556,2556,Cancelled,2024-07-24
2557,2557,No-show,2024-01-16
2558,2558,No-show,2024-04-08
2559,2559,Cancelled,2024-06-06
2560,2560,Cancelled,2024-04-05
2561,2561,No-show,2024-02-05
2562,2562,No-show,2024-08-16
2563,2563,No-show,2024-03-09
2564,2564,Cancelled,2024-03-15
2565,2565,No-show,2024-08-04
2566,2566,Cancelled,2024-08-22
2567,2567,Cancelled,2024-04-17
2568,2568,No-show,2024-08-20
2569,2569,No-show,2024-07-15
2570,2570,No-show,2024-01-07
2571,2571,Cancelled,2024-06-21
2572,2572,Completed,2024-09-10
2573,2573,No-show,2024-03-04
2574,2574,Cancelled,2024-06-11
2575,2575,Completed,2024-09-14
2576,2576,Cancelled,2024-06-26
2577,2577,Completed,2024-03-01
2578,2578,Completed,2024-08-23
2579,2579,Cancelled,2024-09-04
2580,2580,Cancelled,2024-07-14
2581,2581,Cancelled,2024-04-06
2582,2582,No-show,2024-09-14
2583,2583,Completed,2024-07-03
2584,2584,Cancelled,2024-06-07
2585,2585,Cancelled,2024-04-26
2586,2586,No-show,2024-04-03
2587,2587,No-show,2024-07-09
2588,2588,Completed,2024-03-06
2589,2589,Cancelled,2024-02-04
2590,2590,Completed,2024-09-13
2591,2591,Cancelled,2024-07-30
2592,2592,No-show,2024-04-09
2593,2593,Completed,2024-01-03
2594,2594,Cancelled,2024-08-28
2595,2595,Completed,2024-02-29
2596,2596,Cancelled,2024-08-23
2597,2597,Cancelled,2024-04-23
2598,2598,Completed,2024-06-28
2599,2599,Completed,2024-03-04
2600,2600,Cancelled,2024-05-21
2601,2601,No-show,2024-01-07
2602,2602,No-show,2024-02-03
2603,2603,Completed,2024-07-19
2604,2604,Cancelled,2024-02-20
2605,2605,Cancelled,2024-07-15
2606,2606,Completed,2024-01-12
2607,2607,No-show,2024-01-12
2608,2608,Cancelled,2024-04-28
2609,2609,Completed,2024-08-13
2610,2610,Cancelled,2024-06-22
2611,2611,No-show,2024-05-13
2612,2612,Cancelled,2024-04-11
2613,2613,Completed,2024-06-21
2614,2614,Cancelled,2024-01-15
2615,2615,No-show,2024-03-21
2616,2616,Completed,2024-05-26
2617,2617,No-show,2024-06-24
2618,2618,No-show,2024-07-15
2619,2619,Completed,2024-03-18
2620,2620,Completed,2024-03-18
2621,2621,Completed,2024-09-20
2622,2622,Completed,2024-04-14
2623,2623,No-show,2024-04-17
2624,2624,Cancelled,2024-02-06
2625,2625,Completed,2024-09-13
2626,2626,Cancelled,2024-08-19
2627,2627,No-show,2024-07-31
2628,2628,No-show,2024-08-05
2629,2629,Cancelled,2024-07-23
2630,2630,No-show,2024-07-28
2631,2631,Completed,2024-05-17
2632,2632,Completed,2024-03-22
2633,2633,Cancelled,2024-08-20
2634,2634,Completed,2024-07-05
2635,2635,No-show,2024-02-05
2636,2636,Cancelled,2024-07-12
2637,2637,No-show,2024-06-30
2638,2638,No-show,2024-08-05
2639,2639,No-show,2024-08-02
2640,2640,Cancelled,2024-09-11
2641,2641,Cancelled,2024-06-27
2642,2642,Completed,2024-01-14
2643,2643,No-show,2024-04-11
2644,2644,No-show,2024-05-28
2645,2645,No-show,2024-07-19
2646,2646,Completed,2024-03-06
2647,2647,No-show,2024-02-02
2648,2648,No-show,2024-06-05
2649,2649,No-show,2024-03-06
2650,2650,Completed,2024-07-07
2651,2651,Completed,2024-07-25
2652,2652,Cancelled,2024-01-16
2653,2653,Cancelled,2024-01-15
2654,2654,No-show,2024-09-14
2655,2655,Cancelled,2024-08-01
2656,2656,Cancelled,2024-09-16
2657,2657,No-show,2024-04-14
2658,2658,No-show,2024-04-07
2659,2659,No-show,2024-05-11
2660,2660,Cancelled,2024-02-03
2661,2661,Cancelled,2024-01-26
2662,2662,Completed,2024-05-07
2663,2663,Completed,2024-01-17
2664,2664,Cancelled,2024-09-11
2665,2665,Cancelled,2024-03-05
2666,2666,Cancelled,2024-02-05
2667,2667,No-show,2024-09-10
2668,2668,No-show,2024-08-21
2669,2669,Cancelled,2024-07-16
2670,2670,Completed,2024-01-28
2671,2671,No-show,2024-08-09
2672,2672,Completed,2024-09-20
2673,2673,Cancelled,2024-07-03
2674,2674,No-show,2024-05-02
2675,2675,No-show,2024-08-12
2676,2676,No-show,2024-08-14
2677,2677,Cancelled,2024-07-14
2678,2678,Cancelled,2024-07-04
2679,2679,Cancelled,2024-03-15
2680,2680,Cancelled,2024-03-22
2681,2681,Completed,2024-05-24
2682,2682,Cancelled,2024-08-02
2683,2683,Cancelled,2024-01-03
2684,2684,Completed,2024-04-20
2685,2685,No-show,2024-05-08
2686,2686,No-show,2024-04-03
2687,2687,Cancelled,2024-09-24
2688,2688,No-show,2024-01-28
2689,2689,Cancelled,2024-04-09
2690,2690,No-show,2024-03-27
2691,2691,No-show,2024-07-22
2692,2692,No-show,2024-07-09
2693,2693,Cancelled,2024-03-21
2694,2694,Completed,2024-05-04
2695,2695,Cancelled,2024-09-02
2696,2696,No-show,2024-05-21
2697,2697,Cancelled,2024-09-16
2698,2698,Completed,2024-07-29
2699,2699,Cancelled,2024-09-15
2700,2700,No-show,2024-03-15
2701,2701,Cancelled,2024-09-17
2702,2702,No-show,2024-02-10
2703,2703,Cancelled,2024-07-25
2704,2704,Completed,2024-01-04
2705,2705,Cancelled,2024-06-04
2706,2706,No-show,2024-07-05
2707,2707,Completed,2024-06-19
2708,2708,Completed,2024-08-15
2709,2709,No-show,2024-08-14
2710,2710,Completed,2024-02-10
2711,2711,Cancelled,2024-01-09
2712,2712,Cancelled,2024-03-07
2713,2713,Completed,2024-06-29
2714,2714,Completed,2024-04-18
2715,2715,No-show,2024-06-10
2716,2716,Cancelled,2024-05-30
2717,2717,No-show,2024-04-27
2718,2718,No-show,2024-01-10
2719,2719,Completed,2024-05-05
2720,2720,Cancelled,2024-07-20
2721,2721,Completed,2024-05-03
2722,2722,Cancelled,2024-09-15
2723,2723,No-show,2024-03-16
2724,2724,No-show,2024-07-18
2725,2725,Cancelled,2024-08-09
2726,2726,No-show,2024-09-06
2727,2727,Completed,2024-06-28
2728,2728,Cancelled,2024-06-20
2729,2729,Completed,2024-04-11
2730,2730,Completed,2024-05-11
2731,2731,No-show,2024-03-20
2732,2732,No-show,2024-09-19
2733,2733,Cancelled,2024-09-15
2734,2734,Completed,2024-08-14
2735,2735,Completed,2024-05-21
2736,2736,Cancelled,2024-01-07
2737,2737,Completed,2024-04-25
2738,2738,No-show,2024-07-25
2739,2739,No-show,2024-02-22
2740,2740,No-show,2024-04-22
2741,2741,Cancelled,2024-05-11
2742,2742,Completed,2024-05-04
2743,2743,Cancelled,2024-07-27
2744,2744,Cancelled,2024-06-13
2745,2745,Completed,2024-01-09
2746,2746,Completed,2024-08-17
2747,2747,Completed,2024-08-01
2748,2748,Completed,2024-07-08
2749,2749,Cancelled,2024-09-20
2750,2750,No-show,2024-03-08
2751,2751,No-show,2024-04-06
2752,2752,No-show,2024-08-03
2753,2753,Cancelled,2024-03-31
2754,2754,Completed,2024-08-06
2755,2755,Completed,2024-05-17
2756,2756,No-show,2024-06-13
2757,2757,Cancelled,2024-09-16
2758,2758,Completed,2024-06-03
2759,2759,No-show,2024-07-05
2760,2760,Completed,2024-04-27
2761,2761,Completed,2024-06-20
2762,2762,Completed,2024-03-28
2763,2763,Completed,2024-04-28
2764,2764,Cancelled,2024-05-31
2765,2765,No-show,2024-01-30
2766,2766,Cancelled,2024-07-15
2767,2767,Cancelled,2024-07-15
2768,2768,Completed,2024-07-29
2769,2769,No-show,2024-01-26
2770,2770,Cancelled,2024-02-27
2771,2771,Completed,2024-01-17
2772,2772,Completed,2024-02-15
2773,2773,No-show,2024-01-12
2774,2774,No-show,2024-04-28
2775,2775,Completed,2024-04-06
2776,2776,No-show,2024-03-20
2777,2777,Completed,2024-03-23
2778,2778,Completed,2024-04-08
2779,2779,Completed,2024-01-14
2780,2780,Completed,2024-04-08
2781,2781,No-show,2024-04-16
2782,2782,Completed,2024-05-12
2783,2783,No-show,2024-05-27
2784,2784,Cancelled,2024-08-16
2785,2785,Completed,2024-01-09
2786,2786,Completed,2024-06-02
2787,2787,Cancelled,2024-07-10
2788,2788,Completed,2024-08-28
2789,2789,No-show,2024-04-06
2790,2790,Cancelled,2024-07-08
2791,2791,Completed,2024-08-28
2792,2792,Cancelled,2024-01-13
2793,2793,No-show,2024-01-07
2794,2794,No-show,2024-07-17
2795,2795,Cancelled,2024-06-16
2796,2796,Completed,2024-01-05
2797,2797,Completed,2024-09-11
2798,2798,No-show,2024-08-12
2799,2799,Cancelled,2024-03-31
2800,2800,Cancelled,2024-01-15
2801,2801,No-show,2024-08-03
2802,2802,Completed,2024-01-28
2803,2803,Completed,2024-07-31
2804,2804,Completed,2024-02-12
2805,2805,No-show,2024-01-29
2806,2806,Completed,2024-08-28
2807,2807,Completed,2024-08-31
2808,2808,Completed,2024-09-14
2809,2809,Cancelled,2024-02-14
2810,2810,No-show,2024-04-28
2811,2811,Completed,2024-08-06
2812,2812,Cancelled,2024-08-27
2813,2813,No-show,2024-02-19
2814,2814,Cancelled,2024-02-16
2815,2815,Cancelled,2024-08-06
2816,2816,Cancelled,2024-07-20
2817,2817,No-show,2024-02-24
2818,2818,No-show,2024-02-03
2819,2819,No-show,2024-06-10
2820,2820,Cancelled,2024-05-11
2821,2821,Completed,2024-08-10
2822,2822,No-show,2024-07-21
2823,2823,Completed,2024-01-17
2824,2824,No-show,2024-08-11
2825,2825,Cancelled,2024-06-07
2826,2826,Cancelled,2024-08-09
2827,2827,Cancelled,2024-02-28
2828,2828,Cancelled,2024-08-30
2829,2829,Completed,2024-05-15
2830,2830,No-show,2024-02-04
2831,2831,Completed,2024-06-22
2832,2832,No-show,2024-01-15
2833,2833,No-show,2024-06-18
2834,2834,Cancelled,2024-09-22
2835,2835,Cancelled,2024-01-29
2836,2836,Completed,2024-08-08
2837,2837,Completed,2024-04-09
2838,2838,No-show,2024-07-21
2839,2839,Completed,2024-09-01
2840,2840,Cancelled,2024-01-02
2841,2841,No-show,2024-08-20
2842,2842,Cancelled,2024-04-06
2843,2843,Completed,2024-07-31
2844,2844,Completed,2024-01-14
2845,2845,Cancelled,2024-09-07
2846,2846,Cancelled,2024-09-05
2847,2847,No-show,2024-04-07
2848,2848,No-show,2024-02-19
2849,2849,Cancelled,2024-03-25
2850,2850,Cancelled,2024-04-18
2851,2851,Cancelled,2024-02-28
2852,2852,No-show,2024-06-29
2853,2853,No-show,2024-08-19
2854,2854,Cancelled,2024-08-25
2855,2855,Cancelled,2024-04-16
2856,2856,No-show,2024-09-04
2857,2857,No-show,2024-09-20
2858,2858,Cancelled,2024-01-04
2859,2859,No-show,2024-05-20
2860,2860,No-show,2024-03-08
2861,2861,No-show,2024-09-16
2862,2862,No-show,2024-04-03
2863,2863,Cancelled,2024-07-04
2864,2864,Completed,2024-05-08
2865,2865,Completed,2024-09-12
2866,2866,No-show,2024-03-23
2867,2867,Completed,2024-09-03
2868,2868,No-show,2024-01-13
2869,2869,Cancelled,2024-08-26
2870,2870,Completed,2024-06-25
2871,2871,Cancelled,2024-08-13
2872,2872,Cancelled,2024-03-27
2873,2873,Cancelled,2024-06-23
2874,2874,Completed,2024-02-03
2875,2875,No-show,2024-07-25
2876,2876,No-show,2024-05-08
2877,2877,Completed,2024-07-13
2878,2878,Completed,2024-09-21
2879,2879,Cancelled,2024-01-09
2880,2880,No-show,2024-01-19
2881,2881,No-show,2024-04-06
2882,2882,Cancelled,2024-09-07
2883,2883,Completed,2024-04-01
2884,2884,No-show,2024-03-25
2885,2885,Cancelled,2024-01-16
2886,2886,Completed,2024-08-10
2887,2887,No-show,2024-01-10
2888,2888,No-show,2024-06-04
2889,2889,Completed,2024-08-04
2890,2890,Completed,2024-07-16
2891,2891,Completed,2024-05-24
2892,2892,Completed,2024-02-01
2893,2893,Completed,2024-06-28
2894,2894,No-show,2024-09-08
2895,2895,Completed,2024-06-11
2896,2896,Cancelled,2024-09-11
2897,2897,Cancelled,2024-07-22
2898,2898,No-show,2024-01-03
2899,2899,Cancelled,2024-07-01
